year,gender,name,occurrences
1910,M,James,27613
1910,M,Robert,64389
1910,M,John,37264
1910,M,Michael,908
1910,M,David,2472
1910,M,William,3759
1910,M,Richard,5348
1910,M,Joseph,5313
1910,M,Thomas,6269
1910,M,Charles,4948
1910,M,Jacob,1450
1910,M,Christopher,5618
1910,M,Joshua,6683
1910,M,Jason,5711
1910,M,Daniel,25175
1910,F,Mary,77558
1910,F,Linda,987
1910,F,Susan,4051
1910,F,Barbara,6466
1910,F,Patricia,3724
1910,F,Deborah,4825
1910,F,Debra,4192
1910,F,Betty,5297
1910,F,Dorothy,5503
1910,F,Lisa,5247
1910,F,Jennifer,29381
1910,F,Ashley,295
1910,F,Jessica,505
1910,F,Emily,4952
1910,F,Emma,835
1911,M,James,66411
1911,M,Robert,90786
1911,M,John,98950
1911,M,Michael,855
1911,M,David,4066
1911,M,William,4717
1911,M,Richard,3074
1911,M,Joseph,4078
1911,M,Thomas,4649
1911,M,Charles,4728
1911,M,Jacob,1201
1911,M,Christopher,4832
1911,M,Joshua,2981
1911,M,Jason,5387
1911,M,Daniel,2739
1911,F,Mary,70051
1911,F,Linda,1265
1911,F,Susan,4647
1911,F,Barbara,4131
1911,F,Patricia,6666
1911,F,Deborah,3083
1911,F,Debra,6804
1911,F,Betty,2520
1911,F,Dorothy,6513
1911,F,Lisa,3932
1911,F,Jennifer,1895
1911,F,Ashley,1937
1911,F,Jessica,1825
1911,F,Emily,3784
1911,F,Emma,1663
1912,M,James,34851
1912,M,Robert,93684
1912,M,John,31731
1912,M,Michael,2361
1912,M,David,6577
1912,M,William,4139
1912,M,Richard,6983
1912,M,Joseph,7301
1912,M,Thomas,6875
1912,M,Charles,7465
1912,M,Jacob,1691
1912,M,Christopher,4465
1912,M,Joshua,5395
1912,M,Jason,4450
1912,M,Daniel,3792
1912,F,Mary,83937
1912,F,Linda,1208
1912,F,Susan,6720
1912,F,Barbara,5771
1912,F,Patricia,6279
1912,F,Deborah,8407
1912,F,Debra,6637
1912,F,Betty,3599
1912,F,Dorothy,25788
1912,F,Lisa,4939
1912,F,Jennifer,1913
1912,F,Ashley,446
1912,F,Jessica,1529
1912,F,Emily,6551
1912,F,Emma,520
1913,M,James,77491
1913,M,Robert,90411
1913,M,John,104358
1913,M,Michael,908
1913,M,David,8600
1913,M,William,7482
1913,M,Richard,7692
1913,M,Joseph,6656
1913,M,Thomas,7752
1913,M,Charles,2696
1913,M,Jacob,275
1913,M,Christopher,5366
1913,M,Joshua,5973
1913,M,Jason,4566
1913,M,Daniel,4285
1913,F,Mary,106239
1913,F,Linda,1799
1913,F,Susan,2698
1913,F,Barbara,4799
1913,F,Patricia,6414
1913,F,Deborah,4890
1913,F,Debra,4026
1913,F,Betty,7022
1913,F,Dorothy,5061
1913,F,Lisa,8518
1913,F,Jennifer,1765
1913,F,Ashley,895
1913,F,Jessica,1863
1913,F,Emily,2691
1913,F,Emma,558
1914,M,James,29620
1914,M,Robert,84381
1914,M,John,101068
1914,M,Michael,1329
1914,M,David,6662
1914,M,William,8469
1914,M,Richard,4075
1914,M,Joseph,5462
1914,M,Thomas,7407
1914,M,Charles,4113
1914,M,Jacob,733
1914,M,Christopher,4705
1914,M,Joshua,8128
1914,M,Jason,8487
1914,M,Daniel,7372
1914,F,Mary,44231
1914,F,Linda,838
1914,F,Susan,25808
1914,F,Barbara,8631
1914,F,Patricia,6296
1914,F,Deborah,7557
1914,F,Debra,3603
1914,F,Betty,3836
1914,F,Dorothy,5115
1914,F,Lisa,5908
1914,F,Jennifer,2005
1914,F,Ashley,1287
1914,F,Jessica,4984
1914,F,Emily,7563
1914,F,Emma,1690
1915,M,James,78498
1915,M,Robert,6876
1915,M,John,47573
1915,M,Michael,1745
1915,M,David,7559
1915,M,William,6031
1915,M,Richard,6401
1915,M,Joseph,9420
1915,M,Thomas,8550
1915,M,Charles,10306
1915,M,Jacob,1625
1915,M,Christopher,11164
1915,M,Joshua,6300
1915,M,Jason,8940
1915,M,Daniel,6638
1915,F,Mary,37577
1915,F,Linda,1880
1915,F,Susan,8688
1915,F,Barbara,3961
1915,F,Patricia,6378
1915,F,Deborah,4985
1915,F,Debra,9784
1915,F,Betty,3572
1915,F,Dorothy,8845
1915,F,Lisa,8395
1915,F,Jennifer,2732
1915,F,Ashley,850
1915,F,Jessica,670
1915,F,Emily,10972
1915,F,Emma,1366
1916,M,James,58605
1916,M,Robert,117402
1916,M,John,49543
1916,M,Michael,2361
1916,M,David,8006
1916,M,William,9722
1916,M,Richard,5731
1916,M,Joseph,8739
1916,M,Thomas,12392
1916,M,Charles,11374
1916,M,Jacob,1337
1916,M,Christopher,4279
1916,M,Joshua,9519
1916,M,Jason,5399
1916,M,Daniel,11940
1916,F,Mary,91407
1916,F,Linda,2675
1916,F,Susan,10154
1916,F,Barbara,7430
1916,F,Patricia,10882
1916,F,Deborah,8749
1916,F,Debra,4589
1916,F,Betty,9581
1916,F,Dorothy,6172
1916,F,Lisa,6478
1916,F,Jennifer,1431
1916,F,Ashley,719
1916,F,Jessica,1315
1916,F,Emily,8291
1916,F,Emma,897
1917,M,James,76408
1917,M,Robert,33711
1917,M,John,39876
1917,M,Michael,1781
1917,M,David,12585
1917,M,William,8800
1917,M,Richard,8180
1917,M,Joseph,7544
1917,M,Thomas,7833
1917,M,Charles,25298
1917,M,Jacob,1887
1917,M,Christopher,6025
1917,M,Joshua,10108
1917,M,Jason,9024
1917,M,Daniel,9428
1917,F,Mary,83613
1917,F,Linda,1177
1917,F,Susan,6623
1917,F,Barbara,11094
1917,F,Patricia,12656
1917,F,Deborah,6015
1917,F,Debra,10244
1917,F,Betty,4741
1917,F,Dorothy,11646
1917,F,Lisa,12686
1917,F,Jennifer,1700
1917,F,Ashley,1655
1917,F,Jessica,1724
1917,F,Emily,13236
1917,F,Emma,1061
1918,M,James,97022
1918,M,Robert,69861
1918,M,John,44623
1918,M,Michael,1223
1918,M,David,13255
1918,M,William,14734
1918,M,Richard,10754
1918,M,Joseph,13609
1918,M,Thomas,5939
1918,M,Charles,8769
1918,M,Jacob,1210
1918,M,Christopher,9904
1918,M,Joshua,13127
1918,M,Jason,6900
1918,M,Daniel,8052
1918,F,Mary,57780
1918,F,Linda,1414
1918,F,Susan,14435
1918,F,Barbara,9521
1918,F,Patricia,5428
1918,F,Deborah,14353
1918,F,Debra,14115
1918,F,Betty,8008
1918,F,Dorothy,7468
1918,F,Lisa,5135
1918,F,Jennifer,2247
1918,F,Ashley,1752
1918,F,Jessica,638
1918,F,Emily,12443
1918,F,Emma,1321
1919,M,James,88065
1919,M,Robert,87726
1919,M,John,73943
1919,M,Michael,1143
1919,M,David,7461
1919,M,William,12830
1919,M,Richard,15097
1919,M,Joseph,14887
1919,M,Thomas,8378
1919,M,Charles,12550
1919,M,Jacob,1738
1919,M,Christopher,11583
1919,M,Joshua,16476
1919,M,Jason,11995
1919,M,Daniel,4707
1919,F,Mary,97582
1919,F,Linda,3852
1919,F,Susan,11442
1919,F,Barbara,7342
1919,F,Patricia,13652
1919,F,Deborah,12965
1919,F,Debra,6010
1919,F,Betty,29588
1919,F,Dorothy,8851
1919,F,Lisa,6061
1919,F,Jennifer,2511
1919,F,Ashley,1325
1919,F,Jessica,1156
1919,F,Emily,10831
1919,F,Emma,1444
1920,M,James,119901
1920,M,Robert,92391
1920,M,John,49526
1920,M,Michael,1406
1920,M,David,25635
1920,M,William,25569
1920,M,Richard,17364
1920,M,Joseph,11833
1920,M,Thomas,11040
1920,M,Charles,6559
1920,M,Jacob,705
1920,M,Christopher,25486
1920,M,Joshua,14207
1920,M,Jason,5909
1920,M,Daniel,7661
1920,F,Mary,70141
1920,F,Linda,3444
1920,F,Susan,14748
1920,F,Barbara,13717
1920,F,Patricia,17371
1920,F,Deborah,13716
1920,F,Debra,11246
1920,F,Betty,5996
1920,F,Dorothy,17291
1920,F,Lisa,4923
1920,F,Jennifer,4123
1920,F,Ashley,1896
1920,F,Jessica,770
1920,F,Emily,18140
1920,F,Emma,456
1921,M,James,85950
1921,M,Robert,44999
1921,M,John,67680
1921,M,Michael,2880
1921,M,David,21104
1921,M,William,8794
1921,M,Richard,21104
1921,M,Joseph,18476
1921,M,Thomas,16091
1921,M,Charles,19847
1921,M,Jacob,372
1921,M,Christopher,7495
1921,M,Joshua,14025
1921,M,Jason,20648
1921,M,Daniel,16025
1921,F,Mary,77080
1921,F,Linda,2811
1921,F,Susan,10316
1921,F,Barbara,11633
1921,F,Patricia,17832
1921,F,Deborah,20591
1921,F,Debra,16924
1921,F,Betty,9681
1921,F,Dorothy,8802
1921,F,Lisa,16826
1921,F,Jennifer,1651
1921,F,Ashley,1391
1921,F,Jessica,948
1921,F,Emily,13118
1921,F,Emma,879
1922,M,James,63786
1922,M,Robert,97798
1922,M,John,100370
1922,M,Michael,3873
1922,M,David,16274
1922,M,William,25569
1922,M,Richard,14807
1922,M,Joseph,19598
1922,M,Thomas,18666
1922,M,Charles,14668
1922,M,Jacob,1069
1922,M,Christopher,9149
1922,M,Joshua,11320
1922,M,Jason,23958
1922,M,Daniel,18885
1922,F,Mary,65440
1922,F,Linda,3057
1922,F,Susan,7542
1922,F,Barbara,22831
1922,F,Patricia,18757
1922,F,Deborah,16104
1922,F,Debra,16812
1922,F,Betty,18095
1922,F,Dorothy,21880
1922,F,Lisa,9698
1922,F,Jennifer,3150
1922,F,Ashley,1243
1922,F,Jessica,1405
1922,F,Emily,22173
1922,F,Emma,1302
1923,M,James,91959
1923,M,Robert,36503
1923,M,John,72201
1923,M,Michael,2252
1923,M,David,17261
1923,M,William,23113
1923,M,Richard,10733
1923,M,Joseph,18590
1923,M,Thomas,17520
1923,M,Charles,12510
1923,M,Jacob,831
1923,M,Christopher,24776
1923,M,Joshua,21491
1923,M,Jason,24315
1923,M,Daniel,24945
1923,F,Mary,85492
1923,F,Linda,2474
1923,F,Susan,25808
1923,F,Barbara,15742
1923,F,Patricia,10279
1923,F,Deborah,16624
1923,F,Debra,12250
1923,F,Betty,8274
1923,F,Dorothy,10922
1923,F,Lisa,21170
1923,F,Jennifer,2998
1923,F,Ashley,1198
1923,F,Jessica,470
1923,F,Emily,21455
1923,F,Emma,1858
1924,M,James,43485
1924,M,Robert,72331
1924,M,John,92450
1924,M,Michael,4817
1924,M,David,15204
1924,M,William,25548
1924,M,Richard,25614
1924,M,Joseph,15717
1924,M,Thomas,18388
1924,M,Charles,24891
1924,M,Jacob,1831
1924,M,Christopher,8876
1924,M,Joshua,17916
1924,M,Jason,9926
1924,M,Daniel,16847
1924,F,Mary,60801
1924,F,Linda,4987
1924,F,Susan,8857
1924,F,Barbara,24521
1924,F,Patricia,24915
1924,F,Deborah,12464
1924,F,Debra,11530
1924,F,Betty,18930
1924,F,Dorothy,16408
1924,F,Lisa,19552
1924,F,Jennifer,4332
1924,F,Ashley,1152
1924,F,Jessica,1174
1924,F,Emily,22121
1924,F,Emma,1580
1925,M,James,53501
1925,M,Robert,56701
1925,M,John,57901
1925,M,Michael,4790
1925,M,David,25635
1925,M,William,23124
1925,M,Richard,18026
1925,M,Joseph,22717
1925,M,Thomas,11091
1925,M,Charles,22465
1925,M,Jacob,693
1925,M,Christopher,27367
1925,M,Joshua,23912
1925,M,Jason,20347
1925,M,Daniel,11608
1925,F,Mary,89371
1925,F,Linda,6731
1925,F,Susan,24071
1925,F,Barbara,21410
1925,F,Patricia,30249
1925,F,Deborah,23900
1925,F,Debra,19760
1925,F,Betty,22549
1925,F,Dorothy,17318
1925,F,Lisa,11996
1925,F,Jennifer,6368
1925,F,Ashley,1907
1925,F,Jessica,1723
1925,F,Emily,24770
1925,F,Emma,1194
1926,M,James,45325
1926,M,Robert,50056
1926,M,John,40909
1926,M,Michael,5906
1926,M,David,9967
1926,M,William,29293
1926,M,Richard,14078
1926,M,Joseph,27900
1926,M,Thomas,10752
1926,M,Charles,16625
1926,M,Jacob,1223
1926,M,Christopher,19053
1926,M,Joshua,24579
1926,M,Jason,13503
1926,M,Daniel,24262
1926,F,Mary,78328
1926,F,Linda,3018
1926,F,Susan,23469
1926,F,Barbara,25982
1926,F,Patricia,25430
1926,F,Deborah,31218
1926,F,Debra,29129
1926,F,Betty,28667
1926,F,Dorothy,18452
1926,F,Lisa,23569
1926,F,Jennifer,29381
1926,F,Ashley,840
1926,F,Jessica,1503
1926,F,Emily,13311
1926,F,Emma,1611
1927,M,James,81458
1927,M,Robert,66808
1927,M,John,30871
1927,M,Michael,4509
1927,M,David,25635
1927,M,William,21161
1927,M,Richard,14174
1927,M,Joseph,18221
1927,M,Thomas,28469
1927,M,Charles,35190
1927,M,Jacob,1837
1927,M,Christopher,13200
1927,M,Joshua,32664
1927,M,Jason,15107
1927,M,Daniel,12695
1927,F,Mary,68370
1927,F,Linda,5227
1927,F,Susan,15613
1927,F,Barbara,12363
1927,F,Patricia,10473
1927,F,Deborah,37265
1927,F,Debra,35084
1927,F,Betty,34893
1927,F,Dorothy,13743
1927,F,Lisa,18631
1927,F,Jennifer,3777
1927,F,Ashley,582
1927,F,Jessica,1007
1927,F,Emily,33618
1927,F,Emma,1764
1928,M,James,97156
1928,M,Robert,107059
1928,M,John,79410
1928,M,Michael,5787
1928,M,David,30625
1928,M,William,34226
1928,M,Richard,16077
1928,M,Joseph,23766
1928,M,Thomas,15848
1928,M,Charles,36117
1928,M,Jacob,1357
1928,M,Christopher,32987
1928,M,Joshua,22256
1928,M,Jason,27933
1928,M,Daniel,37096
1928,F,Mary,41468
1928,F,Linda,7672
1928,F,Susan,36718
1928,F,Barbara,31795
1928,F,Patricia,25443
1928,F,Deborah,16347
1928,F,Debra,32397
1928,F,Betty,38629
1928,F,Dorothy,29069
1928,F,Lisa,16812
1928,F,Jennifer,7663
1928,F,Ashley,1681
1928,F,Jessica,1775
1928,F,Emily,25559
1928,F,Emma,1855
1929,M,James,99667
1929,M,Robert,35188
1929,M,John,43746
1929,M,Michael,7242
1929,M,David,21416
1929,M,William,21124
1929,M,Richard,19448
1929,M,Joseph,34832
1929,M,Thomas,14537
1929,M,Charles,28285
1929,M,Jacob,1376
1929,M,Christopher,27492
1929,M,Joshua,16365
1929,M,Jason,33943
1929,M,Daniel,22805
1929,F,Mary,34056
1929,F,Linda,4642
1929,F,Susan,21893
1929,F,Barbara,17151
1929,F,Patricia,40976
1929,F,Deborah,34573
1929,F,Debra,19350
1929,F,Betty,39464
1929,F,Dorothy,43410
1929,F,Lisa,23569
1929,F,Jennifer,8334
1929,F,Ashley,594
1929,F,Jessica,1846
1929,F,Emily,27238
1929,F,Emma,1065
1930,M,James,57270
1930,M,Robert,55483
1930,M,John,63343
1930,M,Michael,6489
1930,M,David,31903
1930,M,William,36046
1930,M,Richard,27795
1930,M,Joseph,27129
1930,M,Thomas,39461
1930,M,Charles,13727
1930,M,Jacob,1301
1930,M,Christopher,41199
1930,M,Joshua,25178
1930,M,Jason,41161
1930,M,Daniel,22523
1930,F,Mary,40650
1930,F,Linda,5293
1930,F,Susan,35232
1930,F,Barbara,40379
1930,F,Patricia,44885
1930,F,Deborah,26228
1930,F,Debra,25646
1930,F,Betty,41750
1930,F,Dorothy,15055
1930,F,Lisa,33188
1930,F,Jennifer,5163
1930,F,Ashley,1339
1930,F,Jessica,4984
1930,F,Emily,22573
1930,F,Emma,1124
1931,M,James,50630
1931,M,Robert,26515
1931,M,John,54381
1931,M,Michael,9361
1931,M,David,26344
1931,M,William,27923
1931,M,Richard,20236
1931,M,Joseph,33442
1931,M,Thomas,49459
1931,M,Charles,33703
1931,M,Jacob,649
1931,M,Christopher,45350
1931,M,Joshua,32054
1931,M,Jason,20885
1931,M,Daniel,24090
1931,F,Mary,32700
1931,F,Linda,3283
1931,F,Susan,25808
1931,F,Barbara,47051
1931,F,Patricia,49830
1931,F,Deborah,49840
1931,F,Debra,46676
1931,F,Betty,49006
1931,F,Dorothy,19709
1931,F,Lisa,21346
1931,F,Jennifer,7432
1931,F,Ashley,677
1931,F,Jessica,975
1931,F,Emily,19076
1931,F,Emma,1763
1932,M,James,96407
1932,M,Robert,43872
1932,M,John,26377
1932,M,Michael,7724
1932,M,David,18934
1932,M,William,17807
1932,M,Richard,50303
1932,M,Joseph,46018
1932,M,Thomas,34772
1932,M,Charles,23595
1932,M,Jacob,1169
1932,M,Christopher,17085
1932,M,Joshua,43712
1932,M,Jason,23561
1932,M,Daniel,30324
1932,F,Mary,61301
1932,F,Linda,8297
1932,F,Susan,53275
1932,F,Barbara,33592
1932,F,Patricia,29296
1932,F,Deborah,23059
1932,F,Debra,46365
1932,F,Betty,36669
1932,F,Dorothy,43217
1932,F,Lisa,25119
1932,F,Jennifer,5603
1932,F,Ashley,1507
1932,F,Jessica,899
1932,F,Emily,40968
1932,F,Emma,698
1933,M,James,35990
1933,M,Robert,30261
1933,M,John,79901
1933,M,Michael,11999
1933,M,David,32370
1933,M,William,50532
1933,M,Richard,41235
1933,M,Joseph,33645
1933,M,Thomas,45646
1933,M,Charles,43860
1933,M,Jacob,1802
1933,M,Christopher,57690
1933,M,Joshua,27124
1933,M,Jason,47949
1933,M,Daniel,29457
1933,F,Mary,23919
1933,F,Linda,8842
1933,F,Susan,49604
1933,F,Barbara,52677
1933,F,Patricia,50817
1933,F,Deborah,48754
1933,F,Debra,26627
1933,F,Betty,42556
1933,F,Dorothy,55710
1933,F,Lisa,50245
1933,F,Jennifer,15691
1933,F,Ashley,1309
1933,F,Jessica,230
1933,F,Emily,45290
1933,F,Emma,1324
1934,M,James,40260
1934,M,Robert,59141
1934,M,John,69161
1934,M,Michael,14216
1934,M,David,43937
1934,M,William,28894
1934,M,Richard,55411
1934,M,Joseph,38738
1934,M,Thomas,51096
1934,M,Charles,35327
1934,M,Jacob,1388
1934,M,Christopher,18936
1934,M,Joshua,29345
1934,M,Jason,53956
1934,M,Daniel,36592
1934,F,Mary,75742
1934,F,Linda,8993
1934,F,Susan,56089
1934,F,Barbara,26876
1934,F,Patricia,57777
1934,F,Deborah,19301
1934,F,Debra,46664
1934,F,Betty,36440
1934,F,Dorothy,35811
1934,F,Lisa,36877
1934,F,Jennifer,12778
1934,F,Ashley,1217
1934,F,Jessica,446
1934,F,Emily,49897
1934,F,Emma,295
1935,M,James,84682
1935,M,Robert,47961
1935,M,John,48674
1935,M,Michael,9272
1935,M,David,25205
1935,M,William,45163
1935,M,Richard,50424
1935,M,Joseph,58457
1935,M,Thomas,60442
1935,M,Charles,25333
1935,M,Jacob,2017
1935,M,Christopher,58993
1935,M,Joshua,49453
1935,M,Jason,58713
1935,M,Daniel,48624
1935,F,Mary,38039
1935,F,Linda,16860
1935,F,Susan,24454
1935,F,Barbara,52252
1935,F,Patricia,53035
1935,F,Deborah,57787
1935,F,Debra,45990
1935,F,Betty,41884
1935,F,Dorothy,50248
1935,F,Lisa,30453
1935,F,Jennifer,6313
1935,F,Ashley,1111
1935,F,Jessica,1654
1935,F,Emily,29758
1935,F,Emma,1735
1936,M,James,80890
1936,M,Robert,58641
1936,M,John,58978
1936,M,Michael,8180
1936,M,David,19338
1936,M,William,55685
1936,M,Richard,55400
1936,M,Joseph,51341
1936,M,Thomas,44493
1936,M,Charles,42278
1936,M,Jacob,826
1936,M,Christopher,35355
1936,M,Joshua,69142
1936,M,Jason,20987
1936,M,Daniel,43731
1936,F,Mary,26224
1936,F,Linda,9823
1936,F,Susan,26568
1936,F,Barbara,30924
1936,F,Patricia,37078
1936,F,Deborah,35947
1936,F,Debra,47499
1936,F,Betty,62300
1936,F,Dorothy,56322
1936,F,Lisa,44747
1936,F,Jennifer,16529
1936,F,Ashley,362
1936,F,Jessica,466
1936,F,Emily,64781
1936,F,Emma,1197
1937,M,James,30314
1937,M,Robert,23881
1937,M,John,74552
1937,M,Michael,8860
1937,M,David,58675
1937,M,William,39735
1937,M,Richard,53191
1937,M,Joseph,69504
1937,M,Thomas,53395
1937,M,Charles,56743
1937,M,Jacob,389
1937,M,Christopher,20447
1937,M,Joshua,72076
1937,M,Jason,55230
1937,M,Daniel,47856
1937,F,Mary,51769
1937,F,Linda,11131
1937,F,Susan,49567
1937,F,Barbara,66987
1937,F,Patricia,30959
1937,F,Deborah,38673
1937,F,Debra,40931
1937,F,Betty,47213
1937,F,Dorothy,23801
1937,F,Lisa,22475
1937,F,Jennifer,14271
1937,F,Ashley,1168
1937,F,Jessica,4984
1937,F,Emily,42908
1937,F,Emma,1352
1938,M,James,20168
1938,M,Robert,48207
1938,M,John,36050
1938,M,Michael,20342
1938,M,David,32495
1938,M,William,25569
1938,M,Richard,40277
1938,M,Joseph,57341
1938,M,Thomas,30443
1938,M,Charles,74194
1938,M,Jacob,718
1938,M,Christopher,29771
1938,M,Joshua,26057
1938,M,Jason,24433
1938,M,Daniel,22617
1938,F,Mary,32726
1938,F,Linda,15385
1938,F,Susan,66977
1938,F,Barbara,70426
1938,F,Patricia,25416
1938,F,Deborah,50411
1938,F,Debra,70706
1938,F,Betty,56916
1938,F,Dorothy,68202
1938,F,Lisa,42025
1938,F,Jennifer,11925
1938,F,Ashley,959
1938,F,Jessica,731
1938,F,Emily,60447
1938,F,Emma,1173
1939,M,James,46318
1939,M,Robert,24258
1939,M,John,19430
1939,M,Michael,20824
1939,M,David,23272
1939,M,William,69369
1939,M,Richard,63350
1939,M,Joseph,33235
1939,M,Thomas,68411
1939,M,Charles,30131
1939,M,Jacob,1252
1939,M,Christopher,33677
1939,M,Joshua,47468
1939,M,Jason,80982
1939,M,Daniel,42852
1939,F,Mary,38614
1939,F,Linda,9147
1939,F,Susan,81118
1939,F,Barbara,41579
1939,F,Patricia,35380
1939,F,Deborah,30428
1939,F,Debra,29997
1939,F,Betty,50176
1939,F,Dorothy,33735
1939,F,Lisa,42462
1939,F,Jennifer,13914
1939,F,Ashley,962
1939,F,Jessica,1382
1939,F,Emily,38247
1939,F,Emma,611
1940,M,James,23808
1940,M,Robert,29525
1940,M,John,18683
1940,M,Michael,28517
1940,M,David,49856
1940,M,William,42356
1940,M,Richard,53797
1940,M,Joseph,27900
1940,M,Thomas,33745
1940,M,Charles,63070
1940,M,Jacob,950
1940,M,Christopher,60924
1940,M,Joshua,28868
1940,M,Jason,73864
1940,M,Daniel,55788
1940,F,Mary,55530
1940,F,Linda,11405
1940,F,Susan,64746
1940,F,Barbara,79814
1940,F,Patricia,53184
1940,F,Deborah,29200
1940,F,Debra,29177
1940,F,Betty,58796
1940,F,Dorothy,79404
1940,F,Lisa,25506
1940,F,Jennifer,9355
1940,F,Ashley,1366
1940,F,Jessica,1332
1940,F,Emily,84163
1940,F,Emma,402
1941,M,James,47143
1941,M,Robert,17703
1941,M,John,53098
1941,M,Michael,25228
1941,M,David,81116
1941,M,William,34702
1941,M,Richard,33171
1941,M,Joseph,50241
1941,M,Thomas,44488
1941,M,Charles,65729
1941,M,Jacob,1378
1941,M,Christopher,48841
1941,M,Joshua,30101
1941,M,Jason,53380
1941,M,Daniel,65756
1941,F,Mary,15944
1941,F,Linda,23392
1941,F,Susan,53006
1941,F,Barbara,47210
1941,F,Patricia,42218
1941,F,Deborah,79751
1941,F,Debra,53459
1941,F,Betty,28437
1941,F,Dorothy,47908
1941,F,Lisa,45890
1941,F,Jennifer,20921
1941,F,Ashley,498
1941,F,Jessica,2095
1941,F,Emily,42808
1941,F,Emma,1151
1942,M,James,54545
1942,M,Robert,29216
1942,M,John,49059
1942,M,Michael,27807
1942,M,David,80064
1942,M,William,54824
1942,M,Richard,70960
1942,M,Joseph,43397
1942,M,Thomas,50564
1942,M,Charles,54175
1942,M,Jacob,885
1942,M,Christopher,57504
1942,M,Joshua,37932
1942,M,Jason,24750
1942,M,Daniel,85261
1942,F,Mary,40921
1942,F,Linda,23873
1942,F,Susan,85470
1942,F,Barbara,32636
1942,F,Patricia,58723
1942,F,Deborah,30938
1942,F,Debra,34334
1942,F,Betty,64747
1942,F,Dorothy,91003
1942,F,Lisa,44012
1942,F,Jennifer,32690
1942,F,Ashley,2158
1942,F,Jessica,1438
1942,F,Emily,61369
1942,F,Emma,2164
1943,M,James,38489
1943,M,Robert,49619
1943,M,John,42739
1943,M,Michael,16477
1943,M,David,76805
1943,M,William,83331
1943,M,Richard,71544
1943,M,Joseph,49010
1943,M,Thomas,51104
1943,M,Charles,44223
1943,M,Jacob,403
1943,M,Christopher,65432
1943,M,Joshua,96356
1943,M,Jason,30475
1943,M,Daniel,68381
1943,F,Mary,33188
1943,F,Linda,11665
1943,F,Susan,38101
1943,F,Barbara,69532
1943,F,Patricia,74598
1943,F,Deborah,30064
1943,F,Debra,25646
1943,F,Betty,93307
1943,F,Dorothy,86734
1943,F,Lisa,88758
1943,F,Jennifer,32027
1943,F,Ashley,633
1943,F,Jessica,601
1943,F,Emily,46929
1943,F,Emma,1165
1944,M,James,14701
1944,M,Robert,15396
1944,M,John,25655
1944,M,Michael,35618
1944,M,David,46753
1944,M,William,76471
1944,M,Richard,33022
1944,M,Joseph,62227
1944,M,Thomas,59512
1944,M,Charles,87705
1944,M,Jacob,1088
1944,M,Christopher,75056
1944,M,Joshua,31473
1944,M,Jason,50819
1944,M,Daniel,79301
1944,F,Mary,37819
1944,F,Linda,31571
1944,F,Susan,97692
1944,F,Barbara,91795
1944,F,Patricia,75240
1944,F,Deborah,61459
1944,F,Debra,86987
1944,F,Betty,88320
1944,F,Dorothy,92327
1944,F,Lisa,53371
1944,F,Jennifer,38935
1944,F,Ashley,2027
1944,F,Jessica,576
1944,F,Emily,41631
1944,F,Emma,2061
1945,M,James,17421
1945,M,Robert,41708
1945,M,John,31447
1945,M,Michael,35185
1945,M,David,46519
1945,M,William,74019
1945,M,Richard,28543
1945,M,Joseph,95594
1945,M,Thomas,97916
1945,M,Charles,40951
1945,M,Jacob,1098
1945,M,Christopher,79793
1945,M,Joshua,89746
1945,M,Jason,100644
1945,M,Daniel,76864
1945,F,Mary,15642
1945,F,Linda,23615
1945,F,Susan,100679
1945,F,Barbara,95530
1945,F,Patricia,33638
1945,F,Deborah,47932
1945,F,Debra,57656
1945,F,Betty,50425
1945,F,Dorothy,35565
1945,F,Lisa,84439
1945,F,Jennifer,35331
1945,F,Ashley,1735
1945,F,Jessica,837
1945,F,Emily,63611
1945,F,Emma,1333
1946,M,James,21227
1946,M,Robert,26453
1946,M,John,29219
1946,M,Michael,29810
1946,M,David,68191
1946,M,William,80632
1946,M,Richard,79416
1946,M,Joseph,85069
1946,M,Thomas,53948
1946,M,Charles,58479
1946,M,Jacob,983
1946,M,Christopher,64917
1946,M,Joshua,101868
1946,M,Jason,84289
1946,M,Daniel,39780
1946,F,Mary,12542
1946,F,Linda,39343
1946,F,Susan,93053
1946,F,Barbara,52627
1946,F,Patricia,73227
1946,F,Deborah,89793
1946,F,Debra,102501
1946,F,Betty,47136
1946,F,Dorothy,63739
1946,F,Lisa,49251
1946,F,Jennifer,37048
1946,F,Ashley,1722
1946,F,Jessica,1450
1946,F,Emily,100198
1946,F,Emma,1816
1947,M,James,17606
1947,M,Robert,24306
1947,M,John,38435
1947,M,Michael,49167
1947,M,David,71235
1947,M,William,25569
1947,M,Richard,46873
1947,M,Joseph,88344
1947,M,Thomas,61141
1947,M,Charles,39255
1947,M,Jacob,1913
1947,M,Christopher,83156
1947,M,Joshua,51683
1947,M,Jason,102890
1947,M,Daniel,45016
1947,F,Mary,35503
1947,F,Linda,32472
1947,F,Susan,106697
1947,F,Barbara,102204
1947,F,Patricia,63392
1947,F,Deborah,69770
1947,F,Debra,81364
1947,F,Betty,53167
1947,F,Dorothy,85660
1947,F,Lisa,35888
1947,F,Jennifer,31121
1947,F,Ashley,908
1947,F,Jessica,1265
1947,F,Emily,109395
1947,F,Emma,1047
1948,M,James,24332
1948,M,Robert,32433
1948,M,John,16807
1948,M,Michael,38645
1948,M,David,108027
1948,M,William,32915
1948,M,Richard,59696
1948,M,Joseph,85106
1948,M,Thomas,108314
1948,M,Charles,49399
1948,M,Jacob,2199
1948,M,Christopher,30689
1948,M,Joshua,38429
1948,M,Jason,54640
1948,M,Daniel,51102
1948,F,Mary,13265
1948,F,Linda,21489
1948,F,Susan,111435
1948,F,Barbara,108392
1948,F,Patricia,84102
1948,F,Deborah,49472
1948,F,Debra,74755
1948,F,Betty,90389
1948,F,Dorothy,92405
1948,F,Lisa,30152
1948,F,Jennifer,34202
1948,F,Ashley,1673
1948,F,Jessica,2416
1948,F,Emily,84283
1948,F,Emma,2140
1949,M,James,10865
1949,M,Robert,31058
1949,M,John,11884
1949,M,Michael,37238
1949,M,David,48996
1949,M,William,41027
1949,M,Richard,67761
1949,M,Joseph,102007
1949,M,Thomas,94563
1949,M,Charles,58223
1949,M,Jacob,1812
1949,M,Christopher,86561
1949,M,Joshua,111933
1949,M,Jason,72715
1949,M,Daniel,89302
1949,F,Mary,21610
1949,F,Linda,28187
1949,F,Susan,60288
1949,F,Barbara,106014
1949,F,Patricia,107180
1949,F,Deborah,81222
1949,F,Debra,55305
1949,F,Betty,87041
1949,F,Dorothy,91076
1949,F,Lisa,87668
1949,F,Jennifer,58939
1949,F,Ashley,2160
1949,F,Jessica,1892
1949,F,Emily,73269
1949,F,Emma,2323
1950,M,James,29427
1950,M,Robert,19631
1950,M,John,10358
1950,M,Michael,47191
1950,M,David,33239
1950,M,William,64293
1950,M,Richard,67806
1950,M,Joseph,71843
1950,M,Thomas,54139
1950,M,Charles,68170
1950,M,Jacob,2083
1950,M,Christopher,25486
1950,M,Joshua,74894
1950,M,Jason,30001
1950,M,Daniel,101429
1950,F,Mary,19210
1950,F,Linda,21339
1950,F,Susan,66148
1950,F,Barbara,75434
1950,F,Patricia,110130
1950,F,Deborah,34549
1950,F,Debra,46428
1950,F,Betty,39698
1950,F,Dorothy,41087
1950,F,Lisa,69634
1950,F,Jennifer,34265
1950,F,Ashley,2284
1950,F,Jessica,2288
1950,F,Emily,94942
1950,F,Emma,1611
1951,M,James,14526
1951,M,Robert,12862
1951,M,John,21533
1951,M,Michael,55166
1951,M,David,74294
1951,M,William,71561
1951,M,Richard,31010
1951,M,Joseph,65963
1951,M,Thomas,110487
1951,M,Charles,63333
1951,M,Jacob,1477
1951,M,Christopher,46905
1951,M,Joshua,99620
1951,M,Jason,23958
1951,M,Daniel,55900
1951,F,Mary,10626
1951,F,Linda,62906
1951,F,Susan,69219
1951,F,Barbara,38798
1951,F,Patricia,92628
1951,F,Deborah,95213
1951,F,Debra,88690
1951,F,Betty,107014
1951,F,Dorothy,73514
1951,F,Lisa,87858
1951,F,Jennifer,58358
1951,F,Ashley,1855
1951,F,Jessica,2152
1951,F,Emily,94511
1951,F,Emma,2524
1952,M,James,7233
1952,M,Robert,9025
1952,M,John,25531
1952,M,Michael,51500
1952,M,David,109648
1952,M,William,85951
1952,M,Richard,104278
1952,M,Joseph,72378
1952,M,Thomas,80031
1952,M,Charles,107036
1952,M,Jacob,5402
1952,M,Christopher,100399
1952,M,Joshua,47803
1952,M,Jason,54710
1952,M,Daniel,109436
1952,F,Mary,22382
1952,F,Linda,70411
1952,F,Susan,57193
1952,F,Barbara,58515
1952,F,Patricia,96791
1952,F,Deborah,72437
1952,F,Debra,99627
1952,F,Betty,71693
1952,F,Dorothy,114424
1952,F,Lisa,70638
1952,F,Jennifer,55766
1952,F,Ashley,3048
1952,F,Jessica,2602
1952,F,Emily,78160
1952,F,Emma,3121
1953,M,James,8252
1953,M,Robert,19408
1953,M,John,18569
1953,M,Michael,38792
1953,M,David,31034
1953,M,William,93194
1953,M,Richard,76401
1953,M,Joseph,83723
1953,M,Thomas,48376
1953,M,Charles,40448
1953,M,Jacob,1933
1953,M,Christopher,75161
1953,M,Joshua,76985
1953,M,Jason,96769
1953,M,Daniel,39063
1953,F,Mary,14871
1953,F,Linda,40600
1953,F,Susan,69377
1953,F,Barbara,61147
1953,F,Patricia,114080
1953,F,Deborah,45468
1953,F,Debra,66126
1953,F,Betty,52959
1953,F,Dorothy,62558
1953,F,Lisa,89811
1953,F,Jennifer,24319
1953,F,Ashley,1738
1953,F,Jessica,2722
1953,F,Emily,109041
1953,F,Emma,1953
1954,M,James,19577
1954,M,Robert,18755
1954,M,John,9926
1954,M,Michael,68655
1954,M,David,108778
1954,M,William,95700
1954,M,Richard,67499
1954,M,Joseph,95187
1954,M,Thomas,78440
1954,M,Charles,67993
1954,M,Jacob,2966
1954,M,Christopher,107095
1954,M,Joshua,47795
1954,M,Jason,64682
1954,M,Daniel,116731
1954,F,Mary,12261
1954,F,Linda,77779
1954,F,Susan,89226
1954,F,Barbara,78855
1954,F,Patricia,64534
1954,F,Deborah,67328
1954,F,Debra,112134
1954,F,Betty,42393
1954,F,Dorothy,66074
1954,F,Lisa,97733
1954,F,Jennifer,60684
1954,F,Ashley,2757
1954,F,Jessica,2469
1954,F,Emily,98071
1954,F,Emma,2413
1955,M,James,12544
1955,M,Robert,8822
1955,M,John,17133
1955,M,Michael,31537
1955,M,David,84997
1955,M,William,89369
1955,M,Richard,45162
1955,M,Joseph,57299
1955,M,Thomas,79261
1955,M,Charles,43931
1955,M,Jacob,2678
1955,M,Christopher,25486
1955,M,Joshua,115587
1955,M,Jason,44115
1955,M,Daniel,78066
1955,F,Mary,7153
1955,F,Linda,25281
1955,F,Susan,83143
1955,F,Barbara,58041
1955,F,Patricia,65683
1955,F,Deborah,116998
1955,F,Debra,56927
1955,F,Betty,111736
1955,F,Dorothy,37412
1955,F,Lisa,50182
1955,F,Jennifer,29381
1955,F,Ashley,3137
1955,F,Jessica,2149
1955,F,Emily,71319
1955,F,Emma,3280
1956,M,James,6164
1956,M,Robert,6876
1956,M,John,15751
1956,M,Michael,22955
1956,M,David,36428
1956,M,William,76512
1956,M,Richard,114543
1956,M,Joseph,49594
1956,M,Thomas,54840
1956,M,Charles,70912
1956,M,Jacob,2480
1956,M,Christopher,53408
1956,M,Joshua,84154
1956,M,Jason,36753
1956,M,Daniel,57850
1956,F,Mary,15229
1956,F,Linda,71998
1956,F,Susan,50786
1956,F,Barbara,100761
1956,F,Patricia,25430
1956,F,Deborah,95858
1956,F,Debra,25646
1956,F,Betty,103199
1956,F,Dorothy,46544
1956,F,Lisa,78792
1956,F,Jennifer,53167
1956,F,Ashley,3490
1956,F,Jessica,2864
1956,F,Emily,85150
1956,F,Emma,3272
1957,M,James,9772
1957,M,Robert,4904
1957,M,John,10245
1957,M,Michael,46359
1957,M,David,48331
1957,M,William,48726
1957,M,Richard,107131
1957,M,Joseph,92592
1957,M,Thomas,104130
1957,M,Charles,78050
1957,M,Jacob,2122
1957,M,Christopher,73132
1957,M,Joshua,95335
1957,M,Jason,50913
1957,M,Daniel,84209
1957,F,Mary,9001
1957,F,Linda,48085
1957,F,Susan,106841
1957,F,Barbara,53612
1957,F,Patricia,113563
1957,F,Deborah,89556
1957,F,Debra,46889
1957,F,Betty,65325
1957,F,Dorothy,96982
1957,F,Lisa,86779
1957,F,Jennifer,76913
1957,F,Ashley,3655
1957,F,Jessica,4926
1957,F,Emily,100375
1957,F,Emma,2940
1958,M,James,6883
1958,M,Robert,12384
1958,M,John,12538
1958,M,Michael,41797
1958,M,David,62492
1958,M,William,94951
1958,M,Richard,93563
1958,M,Joseph,73148
1958,M,Thomas,62593
1958,M,Charles,36647
1958,M,Jacob,1727
1958,M,Christopher,58796
1958,M,Joshua,115933
1958,M,Jason,73290
1958,M,Daniel,53330
1958,F,Mary,13390
1958,F,Linda,81125
1958,F,Susan,40042
1958,F,Barbara,54934
1958,F,Patricia,97760
1958,F,Deborah,68041
1958,F,Debra,112362
1958,F,Betty,100853
1958,F,Dorothy,63969
1958,F,Lisa,87597
1958,F,Jennifer,39502
1958,F,Ashley,4432
1958,F,Jessica,2537
1958,F,Emily,102822
1958,F,Emma,2116
1959,M,James,4570
1959,M,Robert,10443
1959,M,John,8714
1959,M,Michael,62699
1959,M,David,53105
1959,M,William,47494
1959,M,Richard,107920
1959,M,Joseph,76204
1959,M,Thomas,33730
1959,M,Charles,98009
1959,M,Jacob,5402
1959,M,Christopher,40521
1959,M,Joshua,79389
1959,M,Jason,93119
1959,M,Daniel,102248
1959,F,Mary,5021
1959,F,Linda,64603
1959,F,Susan,79588
1959,F,Barbara,103805
1959,F,Patricia,49199
1959,F,Deborah,82105
1959,F,Debra,82203
1959,F,Betty,74279
1959,F,Dorothy,36930
1959,F,Lisa,80281
1959,F,Jennifer,86904
1959,F,Ashley,3957
1959,F,Jessica,3588
1959,F,Emily,55089
1959,F,Emma,4064
1960,M,James,7101
1960,M,Robert,10005
1960,M,John,9044
1960,M,Michael,29322
1960,M,David,109820
1960,M,William,75349
1960,M,Richard,32726
1960,M,Joseph,107180
1960,M,Thomas,84740
1960,M,Charles,112066
1960,M,Jacob,6375
1960,M,Christopher,42137
1960,M,Joshua,112223
1960,M,Jason,49285
1960,M,Daniel,44592
1960,F,Mary,9621
1960,F,Linda,23873
1960,F,Susan,103411
1960,F,Barbara,96743
1960,F,Patricia,106075
1960,F,Deborah,35328
1960,F,Debra,98288
1960,F,Betty,63198
1960,F,Dorothy,104321
1960,F,Lisa,94704
1960,F,Jennifer,82271
1960,F,Ashley,3773
1960,F,Jessica,3530
1960,F,Emily,49363
1960,F,Emma,2809
1961,M,James,3421
1961,M,Robert,8623
1961,M,John,5208
1961,M,Michael,77734
1961,M,David,97782
1961,M,William,30987
1961,M,Richard,53986
1961,M,Joseph,49388
1961,M,Thomas,84095
1961,M,Charles,39273
1961,M,Jacob,5597
1961,M,Christopher,59186
1961,M,Joshua,63766
1961,M,Jason,69420
1961,M,Daniel,36806
1961,F,Mary,9911
1961,F,Linda,35472
1961,F,Susan,76954
1961,F,Barbara,89688
1961,F,Patricia,106306
1961,F,Deborah,35018
1961,F,Debra,72662
1961,F,Betty,78752
1961,F,Dorothy,65387
1961,F,Lisa,36453
1961,F,Jennifer,67863
1961,F,Ashley,4125
1961,F,Jessica,2888
1961,F,Emily,89081
1961,F,Emma,4866
1962,M,James,7714
1962,M,Robert,4719
1962,M,John,3421
1962,M,Michael,45639
1962,M,David,95385
1962,M,William,56046
1962,M,Richard,95364
1962,M,Joseph,36763
1962,M,Thomas,51205
1962,M,Charles,105746
1962,M,Jacob,5720
1962,M,Christopher,66120
1962,M,Joshua,83050
1962,M,Jason,57417
1962,M,Daniel,99452
1962,F,Mary,5394
1962,F,Linda,93786
1962,F,Susan,88498
1962,F,Barbara,88790
1962,F,Patricia,95009
1962,F,Deborah,106959
1962,F,Debra,36468
1962,F,Betty,63954
1962,F,Dorothy,81024
1962,F,Lisa,103877
1962,F,Jennifer,73417
1962,F,Ashley,7969
1962,F,Jessica,4716
1962,F,Emily,59089
1962,F,Emma,8575
1963,M,James,6605
1963,M,Robert,8842
1963,M,John,4504
1963,M,Michael,112709
1963,M,David,45503
1963,M,William,54590
1963,M,Richard,84745
1963,M,Joseph,80374
1963,M,Thomas,66566
1963,M,Charles,104086
1963,M,Jacob,7348
1963,M,Christopher,85363
1963,M,Joshua,95683
1963,M,Jason,101102
1963,M,Daniel,56555
1963,F,Mary,5032
1963,F,Linda,47763
1963,F,Susan,53649
1963,F,Barbara,65421
1963,F,Patricia,110322
1963,F,Deborah,89979
1963,F,Debra,37855
1963,F,Betty,59443
1963,F,Dorothy,38782
1963,F,Lisa,86099
1963,F,Jennifer,53973
1963,F,Ashley,6606
1963,F,Jessica,5043
1963,F,Emily,104845
1963,F,Emma,6303
1964,M,James,2840
1964,M,Robert,4259
1964,M,John,3254
1964,M,Michael,100215
1964,M,David,41019
1964,M,William,42484
1964,M,Richard,84891
1964,M,Joseph,60173
1964,M,Thomas,82101
1964,M,Charles,67164
1964,M,Jacob,4601
1964,M,Christopher,63855
1964,M,Joshua,81673
1964,M,Jason,23958
1964,M,Daniel,62231
1964,F,Mary,4015
1964,F,Linda,93403
1964,F,Susan,31934
1964,F,Barbara,40288
1964,F,Patricia,52433
1964,F,Deborah,29200
1964,F,Debra,44349
1964,F,Betty,87092
1964,F,Dorothy,73614
1964,F,Lisa,101414
1964,F,Jennifer,108420
1964,F,Ashley,7074
1964,F,Jessica,6330
1964,F,Emily,67027
1964,F,Emma,5846
1965,M,James,3213
1965,M,Robert,5129
1965,M,John,3013
1965,M,Michael,82472
1965,M,David,26619
1965,M,William,38928
1965,M,Richard,61727
1965,M,Joseph,77217
1965,M,Thomas,59720
1965,M,Charles,62848
1965,M,Jacob,5470
1965,M,Christopher,62167
1965,M,Joshua,35572
1965,M,Jason,64640
1965,M,Daniel,83014
1965,F,Mary,5982
1965,F,Linda,23873
1965,F,Susan,94208
1965,F,Barbara,48071
1965,F,Patricia,56363
1965,F,Deborah,102043
1965,F,Debra,81549
1965,F,Betty,72797
1965,F,Dorothy,25788
1965,F,Lisa,73319
1965,F,Jennifer,96582
1965,F,Ashley,7725
1965,F,Jessica,5877
1965,F,Emily,57015
1965,F,Emma,4886
1966,M,James,3157
1966,M,Robert,4545
1966,M,John,2461
1966,M,Michael,98454
1966,M,David,28316
1966,M,William,75427
1966,M,Richard,85392
1966,M,Joseph,79352
1966,M,Thomas,89382
1966,M,Charles,88208
1966,M,Jacob,5333
1966,M,Christopher,93269
1966,M,Joshua,50738
1966,M,Jason,40325
1966,M,Daniel,39622
1966,F,Mary,5046
1966,F,Linda,66751
1966,F,Susan,28288
1966,F,Barbara,62882
1966,F,Patricia,92505
1966,F,Deborah,91353
1966,F,Debra,89351
1966,F,Betty,90739
1966,F,Dorothy,25788
1966,F,Lisa,33462
1966,F,Jennifer,72334
1966,F,Ashley,6139
1966,F,Jessica,6567
1966,F,Emily,35652
1966,F,Emma,7896
1967,M,James,3991
1967,M,Robert,2657
1967,M,John,3310
1967,M,Michael,101206
1967,M,David,45224
1967,M,William,56583
1967,M,Richard,91842
1967,M,Joseph,65952
1967,M,Thomas,29006
1967,M,Charles,93628
1967,M,Jacob,12396
1967,M,Christopher,95003
1967,M,Joshua,27977
1967,M,Jason,27147
1967,M,Daniel,88912
1967,F,Mary,4120
1967,F,Linda,117731
1967,F,Susan,59179
1967,F,Barbara,88647
1967,F,Patricia,76977
1967,F,Deborah,37660
1967,F,Debra,83025
1967,F,Betty,58289
1967,F,Dorothy,27738
1967,F,Lisa,62383
1967,F,Jennifer,52009
1967,F,Ashley,13851
1967,F,Jessica,10662
1967,F,Emily,55171
1967,F,Emma,6791
1968,M,James,3666
1968,M,Robert,2709
1968,M,John,2638
1968,M,Michael,97185
1968,M,David,62428
1968,M,William,42054
1968,M,Richard,38143
1968,M,Joseph,54066
1968,M,Thomas,28837
1968,M,Charles,80156
1968,M,Jacob,7583
1968,M,Christopher,29428
1968,M,Joshua,53251
1968,M,Jason,58852
1968,M,Daniel,44490
1968,F,Mary,3094
1968,F,Linda,98160
1968,F,Susan,38351
1968,F,Barbara,65786
1968,F,Patricia,62003
1968,F,Deborah,66350
1968,F,Debra,25384
1968,F,Betty,75700
1968,F,Dorothy,50829
1968,F,Lisa,61795
1968,F,Jennifer,81636
1968,F,Ashley,13444
1968,F,Jessica,12042
1968,F,Emily,27138
1968,F,Emma,13190
1969,M,James,1442
1969,M,Robert,1658
1969,M,John,2622
1969,M,Michael,92819
1969,M,David,51585
1969,M,William,36842
1969,M,Richard,38409
1969,M,Joseph,82191
1969,M,Thomas,87320
1969,M,Charles,68205
1969,M,Jacob,13098
1969,M,Christopher,87621
1969,M,Joshua,72766
1969,M,Jason,88150
1969,M,Daniel,37380
1969,F,Mary,1876
1969,F,Linda,62948
1969,F,Susan,61388
1969,F,Barbara,48966
1969,F,Patricia,61820
1969,F,Deborah,31117
1969,F,Debra,57832
1969,F,Betty,79059
1969,F,Dorothy,59560
1969,F,Lisa,84355
1969,F,Jennifer,32098
1969,F,Ashley,10615
1969,F,Jessica,15740
1969,F,Emily,44511
1969,F,Emma,13098
1970,M,James,3781
1970,M,Robert,3388
1970,M,John,2552
1970,M,Michael,60719
1970,M,David,25968
1970,M,William,24840
1970,M,Richard,61877
1970,M,Joseph,33707
1970,M,Thomas,32754
1970,M,Charles,29569
1970,M,Jacob,8779
1970,M,Christopher,51573
1970,M,Joshua,69764
1970,M,Jason,56732
1970,M,Daniel,34276
1970,F,Mary,2720
1970,F,Linda,52897
1970,F,Susan,30641
1970,F,Barbara,46703
1970,F,Patricia,24663
1970,F,Deborah,81931
1970,F,Debra,81059
1970,F,Betty,53663
1970,F,Dorothy,32267
1970,F,Lisa,34677
1970,F,Jennifer,41356
1970,F,Ashley,10446
1970,F,Jessica,13406
1970,F,Emily,51583
1970,F,Emma,12425
1971,M,James,1897
1971,M,Robert,2245
1971,M,John,2040
1971,M,Michael,44331
1971,M,David,25635
1971,M,William,75544
1971,M,Richard,55160
1971,M,Joseph,37130
1971,M,Thomas,63963
1971,M,Charles,64264
1971,M,Jacob,14283
1971,M,Christopher,30639
1971,M,Joshua,35511
1971,M,Jason,22151
1971,M,Daniel,65273
1971,F,Mary,7153
1971,F,Linda,90408
1971,F,Susan,34592
1971,F,Barbara,67703
1971,F,Patricia,71223
1971,F,Deborah,78347
1971,F,Debra,51781
1971,F,Betty,50789
1971,F,Dorothy,44927
1971,F,Lisa,66588
1971,F,Jennifer,118079
1971,F,Ashley,21521
1971,F,Jessica,13949
1971,F,Emily,22180
1971,F,Emma,8557
1972,M,James,2419
1972,M,Robert,3080
1972,M,John,887
1972,M,Michael,103245
1972,M,David,49436
1972,M,William,67944
1972,M,Richard,59981
1972,M,Joseph,39228
1972,M,Thomas,29255
1972,M,Charles,52434
1972,M,Jacob,8014
1972,M,Christopher,56097
1972,M,Joshua,70499
1972,M,Jason,49359
1972,M,Daniel,73059
1972,F,Mary,2532
1972,F,Linda,99942
1972,F,Susan,76349
1972,F,Barbara,25252
1972,F,Patricia,55082
1972,F,Deborah,38345
1972,F,Debra,46587
1972,F,Betty,48790
1972,F,Dorothy,53175
1972,F,Lisa,29846
1972,F,Jennifer,101947
1972,F,Ashley,9023
1972,F,Jessica,7699
1972,F,Emily,24269
1972,F,Emma,21881
1973,M,James,1638
1973,M,Robert,1247
1973,M,John,2183
1973,M,Michael,103185
1973,M,David,35452
1973,M,William,30216
1973,M,Richard,32339
1973,M,Joseph,44634
1973,M,Thomas,67653
1973,M,Charles,25298
1973,M,Jacob,7466
1973,M,Christopher,67103
1973,M,Joshua,36418
1973,M,Jason,26070
1973,M,Daniel,63607
1973,F,Mary,1859
1973,F,Linda,56374
1973,F,Susan,27567
1973,F,Barbara,71303
1973,F,Patricia,38719
1973,F,Deborah,47828
1973,F,Debra,68920
1973,F,Betty,71006
1973,F,Dorothy,32183
1973,F,Lisa,68139
1973,F,Jennifer,67368
1973,F,Ashley,20715
1973,F,Jessica,20981
1973,F,Emily,59843
1973,F,Emma,8422
1974,M,James,2120
1974,M,Robert,2509
1974,M,John,2050
1974,M,Michael,90917
1974,M,David,68867
1974,M,William,43546
1974,M,Richard,22527
1974,M,Joseph,60632
1974,M,Thomas,29006
1974,M,Charles,29135
1974,M,Jacob,8575
1974,M,Christopher,19627
1974,M,Joshua,50072
1974,M,Jason,51749
1974,M,Daniel,38322
1974,F,Mary,2041
1974,F,Linda,85187
1974,F,Susan,19135
1974,F,Barbara,36278
1974,F,Patricia,20286
1974,F,Deborah,66449
1974,F,Debra,37650
1974,F,Betty,47151
1974,F,Dorothy,23837
1974,F,Lisa,28457
1974,F,Jennifer,75998
1974,F,Ashley,22412
1974,F,Jessica,20677
1974,F,Emily,41057
1974,F,Emma,13148
1975,M,James,1756
1975,M,Robert,1384
1975,M,John,1028
1975,M,Michael,98771
1975,M,David,43180
1975,M,William,60790
1975,M,Richard,26884
1975,M,Joseph,35896
1975,M,Thomas,47943
1975,M,Charles,18388
1975,M,Jacob,25598
1975,M,Christopher,65770
1975,M,Joshua,27455
1975,M,Jason,62133
1975,M,Daniel,19446
1975,F,Mary,2374
1975,F,Linda,66353
1975,F,Susan,49728
1975,F,Barbara,40047
1975,F,Patricia,50553
1975,F,Deborah,59006
1975,F,Debra,64768
1975,F,Betty,18906
1975,F,Dorothy,53621
1975,F,Lisa,57135
1975,F,Jennifer,49198
1975,F,Ashley,25264
1975,F,Jessica,20799
1975,F,Emily,25250
1975,F,Emma,14320
1976,M,James,2022
1976,M,Robert,2350
1976,M,John,787
1976,M,Michael,36130
1976,M,David,21859
1976,M,William,20124
1976,M,Richard,42285
1976,M,Joseph,37731
1976,M,Thomas,29176
1976,M,Charles,53376
1976,M,Jacob,25843
1976,M,Christopher,42862
1976,M,Joshua,61175
1976,M,Jason,38482
1976,M,Daniel,25214
1976,F,Mary,2603
1976,F,Linda,104343
1976,F,Susan,26403
1976,F,Barbara,19681
1976,F,Patricia,24783
1976,F,Deborah,44770
1976,F,Debra,20048
1976,F,Betty,41790
1976,F,Dorothy,32557
1976,F,Lisa,20860
1976,F,Jennifer,94769
1976,F,Ashley,27848
1976,F,Jessica,27726
1976,F,Emily,43661
1976,F,Emma,19473
1977,M,James,1384
1977,M,Robert,1817
1977,M,John,1247
1977,M,Michael,69200
1977,M,David,43315
1977,M,William,34764
1977,M,Richard,34868
1977,M,Joseph,19910
1977,M,Thomas,42345
1977,M,Charles,37379
1977,M,Jacob,21003
1977,M,Christopher,44939
1977,M,Joshua,44892
1977,M,Jason,25635
1977,M,Daniel,31179
1977,F,Mary,2120
1977,F,Linda,94247
1977,F,Susan,48831
1977,F,Barbara,56465
1977,F,Patricia,42400
1977,F,Deborah,21087
1977,F,Debra,24368
1977,F,Betty,28463
1977,F,Dorothy,30735
1977,F,Lisa,32997
1977,F,Jennifer,34072
1977,F,Ashley,34907
1977,F,Jessica,29141
1977,F,Emily,31125
1977,F,Emma,27958
1978,M,James,2012
1978,M,Robert,1012
1978,M,John,2379
1978,M,Michael,84959
1978,M,David,50894
1978,M,William,51423
1978,M,Richard,20592
1978,M,Joseph,43379
1978,M,Thomas,34231
1978,M,Charles,16828
1978,M,Jacob,27532
1978,M,Christopher,41682
1978,M,Joshua,46578
1978,M,Jason,28153
1978,M,Daniel,49159
1978,F,Mary,1393
1978,F,Linda,95113
1978,F,Susan,48699
1978,F,Barbara,43558
1978,F,Patricia,31925
1978,F,Deborah,41433
1978,F,Debra,34961
1978,F,Betty,44750
1978,F,Dorothy,42775
1978,F,Lisa,32394
1978,F,Jennifer,71272
1978,F,Ashley,37151
1978,F,Jessica,28725
1978,F,Emily,24701
1978,F,Emma,23060
1979,M,James,1223
1979,M,Robert,1936
1979,M,John,1443
1979,M,Michael,36501
1979,M,David,43847
1979,M,William,48234
1979,M,Richard,25325
1979,M,Joseph,48357
1979,M,Thomas,14865
1979,M,Charles,47860
1979,M,Jacob,21027
1979,M,Christopher,39900
1979,M,Joshua,41261
1979,M,Jason,20033
1979,M,Daniel,31956
1979,F,Mary,2155
1979,F,Linda,41800
1979,F,Susan,46442
1979,F,Barbara,27917
1979,F,Patricia,22880
1979,F,Deborah,38614
1979,F,Debra,48292
1979,F,Betty,35881
1979,F,Dorothy,41642
1979,F,Lisa,28838
1979,F,Jennifer,105911
1979,F,Ashley,34434
1979,F,Jessica,33357
1979,F,Emily,28622
1979,F,Emma,12726
1980,M,James,1097
1980,M,Robert,1879
1980,M,John,2345
1980,M,Michael,48660
1980,M,David,19031
1980,M,William,31777
1980,M,Richard,36626
1980,M,Joseph,30894
1980,M,Thomas,40427
1980,M,Charles,12962
1980,M,Jacob,15278
1980,M,Christopher,39242
1980,M,Joshua,35866
1980,M,Jason,43283
1980,M,Daniel,35714
1980,F,Mary,1151
1980,F,Linda,40336
1980,F,Susan,22347
1980,F,Barbara,20244
1980,F,Patricia,22604
1980,F,Deborah,46514
1980,F,Debra,22517
1980,F,Betty,22825
1980,F,Dorothy,18398
1980,F,Lisa,26358
1980,F,Jennifer,40250
1980,F,Ashley,15272
1980,F,Jessica,35824
1980,F,Emily,40112
1980,F,Emma,26827
1981,M,James,689
1981,M,Robert,399
1981,M,John,1478
1981,M,Michael,93134
1981,M,David,41023
1981,M,William,36622
1981,M,Richard,34184
1981,M,Joseph,27900
1981,M,Thomas,31233
1981,M,Charles,25298
1981,M,Jacob,26968
1981,M,Christopher,26196
1981,M,Joshua,35890
1981,M,Jason,23272
1981,M,Daniel,13376
1981,F,Mary,1093
1981,F,Linda,71332
1981,F,Susan,25214
1981,F,Barbara,31914
1981,F,Patricia,32294
1981,F,Deborah,34609
1981,F,Debra,27055
1981,F,Betty,29588
1981,F,Dorothy,43813
1981,F,Lisa,16530
1981,F,Jennifer,69071
1981,F,Ashley,35727
1981,F,Jessica,24285
1981,F,Emily,40430
1981,F,Emma,43387
1982,M,James,1147
1982,M,Robert,1207
1982,M,John,959
1982,M,Michael,38520
1982,M,David,34773
1982,M,William,19868
1982,M,Richard,25012
1982,M,Joseph,17514
1982,M,Thomas,36626
1982,M,Charles,37174
1982,M,Jacob,17738
1982,M,Christopher,24664
1982,M,Joshua,27376
1982,M,Jason,18008
1982,M,Daniel,31144
1982,F,Mary,609
1982,F,Linda,25131
1982,F,Susan,12439
1982,F,Barbara,21301
1982,F,Patricia,34154
1982,F,Deborah,20737
1982,F,Debra,23453
1982,F,Betty,25791
1982,F,Dorothy,31578
1982,F,Lisa,15909
1982,F,Jennifer,57437
1982,F,Ashley,24059
1982,F,Jessica,33276
1982,F,Emily,13677
1982,F,Emma,23834
1983,M,James,1044
1983,M,Robert,907
1983,M,John,589
1983,M,Michael,88248
1983,M,David,35716
1983,M,William,21739
1983,M,Richard,28580
1983,M,Joseph,23702
1983,M,Thomas,13881
1983,M,Charles,18846
1983,M,Jacob,33595
1983,M,Christopher,19933
1983,M,Joshua,12067
1983,M,Jason,33348
1983,M,Daniel,31732
1983,F,Mary,1974
1983,F,Linda,51092
1983,F,Susan,20512
1983,F,Barbara,20995
1983,F,Patricia,22016
1983,F,Deborah,31185
1983,F,Debra,25909
1983,F,Betty,23346
1983,F,Dorothy,33499
1983,F,Lisa,20105
1983,F,Jennifer,84994
1983,F,Ashley,25970
1983,F,Jessica,54632
1983,F,Emily,22756
1983,F,Emma,44506
1984,M,James,877
1984,M,Robert,387
1984,M,John,1087
1984,M,Michael,39775
1984,M,David,28291
1984,M,William,20384
1984,M,Richard,25561
1984,M,Joseph,21612
1984,M,Thomas,30490
1984,M,Charles,12126
1984,M,Jacob,56978
1984,M,Christopher,30985
1984,M,Joshua,26307
1984,M,Jason,25455
1984,M,Daniel,28229
1984,F,Mary,1198
1984,F,Linda,47947
1984,F,Susan,31076
1984,F,Barbara,17857
1984,F,Patricia,12352
1984,F,Deborah,21502
1984,F,Debra,27111
1984,F,Betty,16700
1984,F,Dorothy,11885
1984,F,Lisa,28736
1984,F,Jennifer,49387
1984,F,Ashley,30871
1984,F,Jessica,52629
1984,F,Emily,19003
1984,F,Emma,43124
1985,M,James,719
1985,M,Robert,1116
1985,M,John,1029
1985,M,Michael,29337
1985,M,David,11638
1985,M,William,17871
1985,M,Richard,21675
1985,M,Joseph,24229
1985,M,Thomas,14101
1985,M,Charles,23834
1985,M,Jacob,38813
1985,M,Christopher,12657
1985,M,Joshua,22847
1985,M,Jason,20698
1985,M,Daniel,9745
1985,F,Mary,1598
1985,F,Linda,76812
1985,F,Susan,10473
1985,F,Barbara,21759
1985,F,Patricia,28512
1985,F,Deborah,29200
1985,F,Debra,16478
1985,F,Betty,21298
1985,F,Dorothy,28391
1985,F,Lisa,20866
1985,F,Jennifer,41168
1985,F,Ashley,28931
1985,F,Jessica,21403
1985,F,Emily,9751
1985,F,Emma,43687
1986,M,James,297
1986,M,Robert,1400
1986,M,John,1138
1986,M,Michael,29904
1986,M,David,16394
1986,M,William,14323
1986,M,Richard,15275
1986,M,Joseph,15423
1986,M,Thomas,15029
1986,M,Charles,25461
1986,M,Jacob,47498
1986,M,Christopher,10550
1986,M,Joshua,8537
1986,M,Jason,19038
1986,M,Daniel,25136
1986,F,Mary,1344
1986,F,Linda,52489
1986,F,Susan,11504
1986,F,Barbara,10316
1986,F,Patricia,16264
1986,F,Deborah,14748
1986,F,Debra,10108
1986,F,Betty,23888
1986,F,Dorothy,19246
1986,F,Lisa,25998
1986,F,Jennifer,49365
1986,F,Ashley,29395
1986,F,Jessica,39693
1986,F,Emily,14852
1986,F,Emma,57132
1987,M,James,900
1987,M,Robert,797
1987,M,John,1721
1987,M,Michael,71667
1987,M,David,11225
1987,M,William,25569
1987,M,Richard,11967
1987,M,Joseph,8101
1987,M,Thomas,13949
1987,M,Charles,12719
1987,M,Jacob,41498
1987,M,Christopher,10624
1987,M,Joshua,19468
1987,M,Jason,24377
1987,M,Daniel,11562
1987,F,Mary,1961
1987,F,Linda,76841
1987,F,Susan,12059
1987,F,Barbara,20370
1987,F,Patricia,15810
1987,F,Deborah,14053
1987,F,Debra,8787
1987,F,Betty,20734
1987,F,Dorothy,12127
1987,F,Lisa,14635
1987,F,Jennifer,68044
1987,F,Ashley,35255
1987,F,Jessica,53732
1987,F,Emily,20069
1987,F,Emma,64389
1988,M,James,507
1988,M,Robert,411
1988,M,John,1410
1988,M,Michael,27807
1988,M,David,9225
1988,M,William,13559
1988,M,Richard,17853
1988,M,Joseph,6880
1988,M,Thomas,21690
1988,M,Charles,8965
1988,M,Jacob,23064
1988,M,Christopher,23037
1988,M,Joshua,14596
1988,M,Jason,16705
1988,M,Daniel,22225
1988,F,Mary,1574
1988,F,Linda,37910
1988,F,Susan,9599
1988,F,Barbara,9114
1988,F,Patricia,15199
1988,F,Deborah,20494
1988,F,Debra,10714
1988,F,Betty,12595
1988,F,Dorothy,8258
1988,F,Lisa,11603
1988,F,Jennifer,29381
1988,F,Ashley,56228
1988,F,Jessica,65799
1988,F,Emily,18851
1988,F,Emma,50208
1989,M,James,1086
1989,M,Robert,1399
1989,M,John,1229
1989,M,Michael,25275
1989,M,David,8071
1989,M,William,7258
1989,M,Richard,19933
1989,M,Joseph,20147
1989,M,Thomas,7641
1989,M,Charles,14241
1989,M,Jacob,77195
1989,M,Christopher,14839
1989,M,Joshua,20352
1989,M,Jason,11750
1989,M,Daniel,13230
1989,F,Mary,798
1989,F,Linda,32456
1989,F,Susan,13276
1989,F,Barbara,12868
1989,F,Patricia,25430
1989,F,Deborah,6998
1989,F,Debra,14056
1989,F,Betty,12164
1989,F,Dorothy,11776
1989,F,Lisa,21030
1989,F,Jennifer,64601
1989,F,Ashley,63404
1989,F,Jessica,54153
1989,F,Emily,13570
1989,F,Emma,69756
1990,M,James,499
1990,M,Robert,555
1990,M,John,1552
1990,M,Michael,37654
1990,M,David,11159
1990,M,William,10679
1990,M,Richard,15403
1990,M,Joseph,15506
1990,M,Thomas,8864
1990,M,Charles,9463
1990,M,Jacob,5402
1990,M,Christopher,10409
1990,M,Joshua,11424
1990,M,Jason,11188
1990,M,Daniel,13626
1990,F,Mary,507
1990,F,Linda,23709
1990,F,Susan,25808
1990,F,Barbara,11146
1990,F,Patricia,8248
1990,F,Deborah,7512
1990,F,Debra,5821
1990,F,Betty,14208
1990,F,Dorothy,19097
1990,F,Lisa,13194
1990,F,Jennifer,24170
1990,F,Ashley,25895
1990,F,Jessica,50943
1990,F,Emily,15739
1990,F,Emma,25995
1991,M,James,348
1991,M,Robert,714
1991,M,John,1163
1991,M,Michael,18169
1991,M,David,9792
1991,M,William,12468
1991,M,Richard,8745
1991,M,Joseph,27900
1991,M,Thomas,6873
1991,M,Charles,13794
1991,M,Jacob,27644
1991,M,Christopher,9267
1991,M,Joshua,6048
1991,M,Jason,15929
1991,M,Daniel,14855
1991,F,Mary,1197
1991,F,Linda,41490
1991,F,Susan,9989
1991,F,Barbara,9637
1991,F,Patricia,7661
1991,F,Deborah,12039
1991,F,Debra,14264
1991,F,Betty,9173
1991,F,Dorothy,13610
1991,F,Lisa,14110
1991,F,Jennifer,51373
1991,F,Ashley,60394
1991,F,Jessica,44047
1991,F,Emily,9525
1991,F,Emma,70284
1992,M,James,433
1992,M,Robert,1960
1992,M,John,1340
1992,M,Michael,47402
1992,M,David,10539
1992,M,William,12976
1992,M,Richard,12684
1992,M,Joseph,27900
1992,M,Thomas,10121
1992,M,Charles,5421
1992,M,Jacob,50606
1992,M,Christopher,6199
1992,M,Joshua,9442
1992,M,Jason,6637
1992,M,Daniel,15250
1992,F,Mary,1683
1992,F,Linda,54953
1992,F,Susan,6111
1992,F,Barbara,7780
1992,F,Patricia,5629
1992,F,Deborah,9924
1992,F,Debra,10556
1992,F,Betty,8583
1992,F,Dorothy,11347
1992,F,Lisa,23569
1992,F,Jennifer,48231
1992,F,Ashley,37903
1992,F,Jessica,60048
1992,F,Emily,13512
1992,F,Emma,37497
1993,M,James,1686
1993,M,Robert,842
1993,M,John,1491
1993,M,Michael,33451
1993,M,David,11140
1993,M,William,13580
1993,M,Richard,8128
1993,M,Joseph,4812
1993,M,Thomas,29006
1993,M,Charles,13020
1993,M,Jacob,70797
1993,M,Christopher,8753
1993,M,Joshua,13674
1993,M,Jason,5551
1993,M,Daniel,11027
1993,F,Mary,1611
1993,F,Linda,16901
1993,F,Susan,9818
1993,F,Barbara,6195
1993,F,Patricia,7332
1993,F,Deborah,5875
1993,F,Debra,11828
1993,F,Betty,13145
1993,F,Dorothy,7907
1993,F,Lisa,9209
1993,F,Jennifer,29381
1993,F,Ashley,27411
1993,F,Jessica,90086
1993,F,Emily,5722
1993,F,Emma,94305
1994,M,James,1280
1994,M,Robert,1240
1994,M,John,779
1994,M,Michael,30967
1994,M,David,10178
1994,M,William,12101
1994,M,Richard,10703
1994,M,Joseph,5750
1994,M,Thomas,10485
1994,M,Charles,5930
1994,M,Jacob,78468
1994,M,Christopher,9330
1994,M,Joshua,4688
1994,M,Jason,6104
1994,M,Daniel,13205
1994,F,Mary,7153
1994,F,Linda,43395
1994,F,Susan,11056
1994,F,Barbara,10576
1994,F,Patricia,7923
1994,F,Deborah,10043
1994,F,Debra,9632
1994,F,Betty,11317
1994,F,Dorothy,9968
1994,F,Lisa,10002
1994,F,Jennifer,17990
1994,F,Ashley,99122
1994,F,Jessica,98572
1994,F,Emily,6477
1994,F,Emma,51917
1995,M,James,1449
1995,M,Robert,216
1995,M,John,1274
1995,M,Michael,33462
1995,M,David,8459
1995,M,William,7607
1995,M,Richard,7616
1995,M,Joseph,6341
1995,M,Thomas,8794
1995,M,Charles,5711
1995,M,Jacob,47447
1995,M,Christopher,5325
1995,M,Joshua,27250
1995,M,Jason,9911
1995,M,Daniel,4356
1995,F,Mary,1851
1995,F,Linda,23288
1995,F,Susan,7952
1995,F,Barbara,8547
1995,F,Patricia,5370
1995,F,Deborah,4146
1995,F,Debra,9375
1995,F,Betty,10098
1995,F,Dorothy,4849
1995,F,Lisa,8165
1995,F,Jennifer,33973
1995,F,Ashley,49934
1995,F,Jessica,32375
1995,F,Emily,5790
1995,F,Emma,53077
1996,M,James,1346
1996,M,Robert,844
1996,M,John,940
1996,M,Michael,12157
1996,M,David,5179
1996,M,William,9465
1996,M,Richard,6321
1996,M,Joseph,10054
1996,M,Thomas,10226
1996,M,Charles,9934
1996,M,Jacob,64308
1996,M,Christopher,8691
1996,M,Joshua,4636
1996,M,Jason,4575
1996,M,Daniel,5863
1996,F,Mary,1210
1996,F,Linda,28492
1996,F,Susan,8010
1996,F,Barbara,8201
1996,F,Patricia,9367
1996,F,Deborah,5581
1996,F,Debra,4589
1996,F,Betty,5040
1996,F,Dorothy,8544
1996,F,Lisa,6421
1996,F,Jennifer,38923
1996,F,Ashley,79290
1996,F,Jessica,27639
1996,F,Emily,24736
1996,F,Emma,82164
1997,M,James,1485
1997,M,Robert,322
1997,M,John,332
1997,M,Michael,27097
1997,M,David,3002
1997,M,William,9141
1997,M,Richard,4508
1997,M,Joseph,7674
1997,M,Thomas,4344
1997,M,Charles,5659
1997,M,Jacob,89256
1997,M,Christopher,8153
1997,M,Joshua,6843
1997,M,Jason,6611
1997,M,Daniel,6048
1997,F,Mary,1985
1997,F,Linda,25211
1997,F,Susan,5000
1997,F,Barbara,5551
1997,F,Patricia,7078
1997,F,Deborah,7259
1997,F,Debra,3650
1997,F,Betty,4026
1997,F,Dorothy,6143
1997,F,Lisa,3187
1997,F,Jennifer,24664
1997,F,Ashley,30635
1997,F,Jessica,48254
1997,F,Emily,5545
1997,F,Emma,81978
1998,M,James,1772
1998,M,Robert,1756
1998,M,John,6961
1998,M,Michael,18730
1998,M,David,4027
1998,M,William,6791
1998,M,Richard,2999
1998,M,Joseph,8174
1998,M,Thomas,5932
1998,M,Charles,5251
1998,M,Jacob,49551
1998,M,Christopher,7986
1998,M,Joshua,4632
1998,M,Jason,5462
1998,M,Daniel,5862
1998,F,Mary,1887
1998,F,Linda,26516
1998,F,Susan,4037
1998,F,Barbara,4537
1998,F,Patricia,6133
1998,F,Deborah,4159
1998,F,Debra,6191
1998,F,Betty,7299
1998,F,Dorothy,4179
1998,F,Lisa,5910
1998,F,Jennifer,27528
1998,F,Ashley,86174
1998,F,Jessica,31391
1998,F,Emily,5133
1998,F,Emma,98982
1999,M,James,1516
1999,M,Robert,1482
1999,M,John,1044
1999,M,Michael,34090
1999,M,David,25635
1999,M,William,2360
1999,M,Richard,3985
1999,M,Joseph,6237
1999,M,Thomas,6678
1999,M,Charles,4052
1999,M,Jacob,113717
1999,M,Christopher,4484
1999,M,Joshua,3148
1999,M,Jason,3500
1999,M,Daniel,6359
1999,F,Mary,1505
1999,F,Linda,25074
1999,F,Susan,5955
1999,F,Barbara,6000
1999,F,Patricia,6940
1999,F,Deborah,1917
1999,F,Debra,3234
1999,F,Betty,3446
1999,F,Dorothy,6613
1999,F,Lisa,6841
1999,F,Jennifer,16731
1999,F,Ashley,36966
1999,F,Jessica,88472
1999,F,Emily,3033
1999,F,Emma,36604
2000,M,James,908
2000,M,Robert,1795
2000,M,John,282
2000,M,Michael,13004
2000,M,David,2440
2000,M,William,2468
2000,M,Richard,5547
2000,M,Joseph,4129
2000,M,Thomas,5532
2000,M,Charles,2862
2000,M,Jacob,37281
2000,M,Christopher,5302
2000,M,Joshua,2834
2000,M,Jason,3873
2000,M,Daniel,5156
2000,F,Mary,737
2000,F,Linda,26544
2000,F,Susan,25808
2000,F,Barbara,5681
2000,F,Patricia,2783
2000,F,Deborah,2676
2000,F,Debra,4811
2000,F,Betty,2986
2000,F,Dorothy,4716
2000,F,Lisa,3076
2000,F,Jennifer,21359
2000,F,Ashley,33301
2000,F,Jessica,62759
2000,F,Emily,4407
2000,F,Emma,38358
2001,M,James,1829
2001,M,Robert,782
2001,M,John,1816
2001,M,Michael,15213
2001,M,David,2080
2001,M,William,3462
2001,M,Richard,4467
2001,M,Joseph,4203
2001,M,Thomas,6292
2001,M,Charles,4339
2001,M,Jacob,56111
2001,M,Christopher,4325
2001,M,Joshua,3294
2001,M,Jason,5127
2001,M,Daniel,1589
2001,F,Mary,1702
2001,F,Linda,21006
2001,F,Susan,3419
2001,F,Barbara,4475
2001,F,Patricia,4678
2001,F,Deborah,4750
2001,F,Debra,4431
2001,F,Betty,3462
2001,F,Dorothy,3850
2001,F,Lisa,2918
2001,F,Jennifer,17813
2001,F,Ashley,4278
2001,F,Jessica,96591
2001,F,Emily,4602
2001,F,Emma,81678
2002,M,James,448
2002,M,Robert,2001
2002,M,John,293
2002,M,Michael,24414
2002,M,David,1576
2002,M,William,2666
2002,M,Richard,2801
2002,M,Joseph,4761
2002,M,Thomas,3131
2002,M,Charles,3436
2002,M,Jacob,37079
2002,M,Christopher,4064
2002,M,Joshua,4599
2002,M,Jason,2342
2002,M,Daniel,4339
2002,F,Mary,1274
2002,F,Linda,26156
2002,F,Susan,1887
2002,F,Barbara,4005
2002,F,Patricia,2547
2002,F,Deborah,3236
2002,F,Debra,4770
2002,F,Betty,1870
2002,F,Dorothy,3614
2002,F,Lisa,3542
2002,F,Jennifer,8191
2002,F,Ashley,76728
2002,F,Jessica,97716
2002,F,Emily,4658
2002,F,Emma,85817
2003,M,James,1495
2003,M,Robert,605
2003,M,John,934
2003,M,Michael,19361
2003,M,David,2964
2003,M,William,3389
2003,M,Richard,2757
2003,M,Joseph,2969
2003,M,Thomas,1455
2003,M,Charles,4947
2003,M,Jacob,33469
2003,M,Christopher,3296
2003,M,Joshua,2871
2003,M,Jason,3925
2003,M,Daniel,2657
2003,F,Mary,1070
2003,F,Linda,8842
2003,F,Susan,4319
2003,F,Barbara,2481
2003,F,Patricia,3977
2003,F,Deborah,2872
2003,F,Debra,3685
2003,F,Betty,3130
2003,F,Dorothy,1938
2003,F,Lisa,4442
2003,F,Jennifer,15406
2003,F,Ashley,86335
2003,F,Jessica,104725
2003,F,Emily,2690
2003,F,Emma,75639
2004,M,James,1475
2004,M,Robert,929
2004,M,John,1038
2004,M,Michael,15287
2004,M,David,2061
2004,M,William,3664
2004,M,Richard,2355
2004,M,Joseph,2126
2004,M,Thomas,4364
2004,M,Charles,3170
2004,M,Jacob,70792
2004,M,Christopher,2024
2004,M,Joshua,2673
2004,M,Jason,4313
2004,M,Daniel,3329
2004,F,Mary,1799
2004,F,Linda,13255
2004,F,Susan,4678
2004,F,Barbara,3988
2004,F,Patricia,2615
2004,F,Deborah,3521
2004,F,Debra,2929
2004,F,Betty,3084
2004,F,Dorothy,2109
2004,F,Lisa,3462
2004,F,Jennifer,7493
2004,F,Ashley,111318
2004,F,Jessica,50176
2004,F,Emily,3361
2004,F,Emma,110412
2005,M,James,944
2005,M,Robert,588
2005,M,John,1805
2005,M,Michael,13820
2005,M,David,3039
2005,M,William,3542
2005,M,Richard,2786
2005,M,Joseph,2838
2005,M,Thomas,3167
2005,M,Charles,1702
2005,M,Jacob,62362
2005,M,Christopher,3092
2005,M,Joshua,1425
2005,M,Jason,2370
2005,M,Daniel,1977
2005,F,Mary,1119
2005,F,Linda,11115
2005,F,Susan,1744
2005,F,Barbara,3571
2005,F,Patricia,3413
2005,F,Deborah,3116
2005,F,Debra,3938
2005,F,Betty,2746
2005,F,Dorothy,4169
2005,F,Lisa,2075
2005,F,Jennifer,10085
2005,F,Ashley,113901
2005,F,Jessica,121158
2005,F,Emily,2164
2005,F,Emma,89339
2006,M,James,819
2006,M,Robert,6876
2006,M,John,1466
2006,M,Michael,10161
2006,M,David,2413
2006,M,William,2824
2006,M,Richard,3134
2006,M,Joseph,2635
2006,M,Thomas,3028
2006,M,Charles,3035
2006,M,Jacob,78067
2006,M,Christopher,2824
2006,M,Joshua,1966
2006,M,Jason,2666
2006,M,Daniel,3281
2006,F,Mary,504
2006,F,Linda,9636
2006,F,Susan,3825
2006,F,Barbara,1940
2006,F,Patricia,1316
2006,F,Deborah,3270
2006,F,Debra,2720
2006,F,Betty,2912
2006,F,Dorothy,1681
2006,F,Lisa,3409
2006,F,Jennifer,8937
2006,F,Ashley,48386
2006,F,Jessica,69005
2006,F,Emily,1096
2006,F,Emma,91602
2007,M,James,753
2007,M,Robert,1985
2007,M,John,1490
2007,M,Michael,5127
2007,M,David,1852
2007,M,William,1824
2007,M,Richard,2018
2007,M,Joseph,2040
2007,M,Thomas,2705
2007,M,Charles,3203
2007,M,Jacob,114440
2007,M,Christopher,2689
2007,M,Joshua,2831
2007,M,Jason,3289
2007,M,Daniel,2561
2007,F,Mary,2000
2007,F,Linda,14406
2007,F,Susan,2419
2007,F,Barbara,2547
2007,F,Patricia,3018
2007,F,Deborah,3463
2007,F,Debra,2890
2007,F,Betty,2324
2007,F,Dorothy,2370
2007,F,Lisa,1819
2007,F,Jennifer,11607
2007,F,Ashley,31984
2007,F,Jessica,74166
2007,F,Emily,2324
2007,F,Emma,74886
2008,M,James,1653
2008,M,Robert,1221
2008,M,John,630
2008,M,Michael,5698
2008,M,David,2367
2008,M,William,723
2008,M,Richard,1635
2008,M,Joseph,1889
2008,M,Thomas,1368
2008,M,Charles,2530
2008,M,Jacob,80037
2008,M,Christopher,1685
2008,M,Joshua,2217
2008,M,Jason,733
2008,M,Daniel,3228
2008,F,Mary,695
2008,F,Linda,12681
2008,F,Susan,2206
2008,F,Barbara,2603
2008,F,Patricia,3298
2008,F,Deborah,2072
2008,F,Debra,1973
2008,F,Betty,29588
2008,F,Dorothy,3182
2008,F,Lisa,1623
2008,F,Jennifer,5349
2008,F,Ashley,73809
2008,F,Jessica,93275
2008,F,Emily,2210
2008,F,Emma,93799
2009,M,James,429
2009,M,Robert,488
2009,M,John,763
2009,M,Michael,27807
2009,M,David,1344
2009,M,William,2245
2009,M,Richard,2310
2009,M,Joseph,1603
2009,M,Thomas,1546
2009,M,Charles,1000
2009,M,Jacob,60426
2009,M,Christopher,1310
2009,M,Joshua,1692
2009,M,Jason,2319
2009,M,Daniel,2960
2009,F,Mary,1356
2009,F,Linda,4503
2009,F,Susan,1416
2009,F,Barbara,1487
2009,F,Patricia,2055
2009,F,Deborah,1645
2009,F,Debra,2469
2009,F,Betty,1929
2009,F,Dorothy,1743
2009,F,Lisa,1945
2009,F,Jennifer,8930
2009,F,Ashley,88364
2009,F,Jessica,67694
2009,F,Emily,2488
2009,F,Emma,83549
2010,M,James,1193
2010,M,Robert,1250
2010,M,John,645
2010,M,Michael,6408
2010,M,David,1174
2010,M,William,1538
2010,M,Richard,1779
2010,M,Joseph,1712
2010,M,Thomas,2266
2010,M,Charles,1183
2010,M,Jacob,69819
2010,M,Christopher,1114
2010,M,Joshua,1724
2010,M,Jason,2785
2010,M,Daniel,1461
2010,F,Mary,562
2010,F,Linda,6551
2010,F,Susan,1029
2010,F,Barbara,2434
2010,F,Patricia,2035
2010,F,Deborah,1490
2010,F,Debra,911
2010,F,Betty,1957
2010,F,Dorothy,1632
2010,F,Lisa,2500
2010,F,Jennifer,5773
2010,F,Ashley,43908
2010,F,Jessica,83797
2010,F,Emily,1274
2010,F,Emma,60427
2011,M,James,891
2011,M,Robert,494
2011,M,John,799
2011,M,Michael,3894
2011,M,David,773
2011,M,William,1789
2011,M,Richard,1780
2011,M,Joseph,1047
2011,M,Thomas,1658
2011,M,Charles,2256
2011,M,Jacob,55545
2011,M,Christopher,1619
2011,M,Joshua,990
2011,M,Jason,884
2011,M,Daniel,2532
2011,F,Mary,1027
2011,F,Linda,8959
2011,F,Susan,782
2011,F,Barbara,898
2011,F,Patricia,1136
2011,F,Deborah,2322
2011,F,Debra,2518
2011,F,Betty,1302
2011,F,Dorothy,2097
2011,F,Lisa,600
2011,F,Jennifer,4253
2011,F,Ashley,36878
2011,F,Jessica,70335
2011,F,Emily,2127
2011,F,Emma,63863
2012,M,James,842
2012,M,Robert,1270
2012,M,John,1256
2012,M,Michael,6731
2012,M,David,2004
2012,M,William,2466
2012,M,Richard,935
2012,M,Joseph,1698
2012,M,Thomas,2385
2012,M,Charles,2243
2012,M,Jacob,65507
2012,M,Christopher,761
2012,M,Joshua,1032
2012,M,Jason,908
2012,M,Daniel,1465
2012,F,Mary,739
2012,F,Linda,5414
2012,F,Susan,1154
2012,F,Barbara,636
2012,F,Patricia,1148
2012,F,Deborah,2149
2012,F,Debra,2351
2012,F,Betty,1938
2012,F,Dorothy,1143
2012,F,Lisa,1988
2012,F,Jennifer,7789
2012,F,Ashley,97166
2012,F,Jessica,60634
2012,F,Emily,2431
2012,F,Emma,112018
1910,M,Anthony,953
1910,M,Mark,3663
1910,M,Donald,177
1910,M,Steven,1720
1910,M,Paul,2599
1910,M,Kevin,504
1910,M,Brian,4680
1910,M,George,3471
1910,M,Edward,1325
1910,M,Ronald,1902
1910,F,Karen,4948
1910,F,Nancy,1454
1910,F,Donna,3330
1910,F,Carol,1677
1910,F,Michelle,1878
1910,F,Kimberly,377
1910,F,Sandra,6334
1910,F,Sarah,2783
1910,F,Amy,2093
1910,F,Angela,6365
1911,M,Anthony,5277
1911,M,Mark,1253
1911,M,Donald,754
1911,M,Steven,484
1911,M,Paul,1416
1911,M,Kevin,2606
1911,M,Brian,3363
1911,M,George,3568
1911,M,Edward,3372
1911,M,Ronald,2409
1911,F,Karen,1797
1911,F,Nancy,365
1911,F,Donna,1124
1911,F,Carol,6567
1911,F,Michelle,3167
1911,F,Kimberly,468
1911,F,Sandra,1453
1911,F,Sarah,1259
1911,F,Amy,144
1911,F,Angela,5762
1912,M,Anthony,1673
1912,M,Mark,3014
1912,M,Donald,1054
1912,M,Steven,1346
1912,M,Paul,827
1912,M,Kevin,709
1912,M,Brian,733
1912,M,George,2227
1912,M,Edward,219
1912,M,Ronald,3413
1912,F,Karen,1317
1912,F,Nancy,5180
1912,F,Donna,3185
1912,F,Carol,955
1912,F,Michelle,2613
1912,F,Kimberly,2558
1912,F,Sandra,4899
1912,F,Sarah,2624
1912,F,Amy,1888
1912,F,Angela,2926
1913,M,Anthony,1406
1913,M,Mark,4223
1913,M,Donald,2284
1913,M,Steven,3236
1913,M,Paul,4575
1913,M,Kevin,1618
1913,M,Brian,4607
1913,M,George,2239
1913,M,Edward,3420
1913,M,Ronald,932
1913,F,Karen,2208
1913,F,Nancy,6093
1913,F,Donna,1348
1913,F,Carol,5860
1913,F,Michelle,2641
1913,F,Kimberly,769
1913,F,Sandra,2598
1913,F,Sarah,3140
1913,F,Amy,4015
1913,F,Angela,7332
1914,M,Anthony,1047
1914,M,Mark,4774
1914,M,Donald,1606
1914,M,Steven,7139
1914,M,Paul,3181
1914,M,Kevin,1167
1914,M,Brian,2274
1914,M,George,1799
1914,M,Edward,4316
1914,M,Ronald,6284
1914,F,Karen,5269
1914,F,Nancy,755
1914,F,Donna,4734
1914,F,Carol,1821
1914,F,Michelle,3205
1914,F,Kimberly,3716
1914,F,Sandra,4066
1914,F,Sarah,6859
1914,F,Amy,1653
1914,F,Angela,283
1915,M,Anthony,1488
1915,M,Mark,2020
1915,M,Donald,418
1915,M,Steven,1235
1915,M,Paul,990
1915,M,Kevin,3248
1915,M,Brian,496
1915,M,George,2452
1915,M,Edward,4407
1915,M,Ronald,599
1915,F,Karen,803
1915,F,Nancy,129
1915,F,Donna,2329
1915,F,Carol,1684
1915,F,Michelle,419
1915,F,Kimberly,4010
1915,F,Sandra,6997
1915,F,Sarah,4466
1915,F,Amy,4477
1915,F,Angela,353
1916,M,Anthony,6110
1916,M,Mark,3289
1916,M,Donald,2770
1916,M,Steven,6573
1916,M,Paul,5436
1916,M,Kevin,6804
1916,M,Brian,407
1916,M,George,6980
1916,M,Edward,835
1916,M,Ronald,2143
1916,F,Karen,2376
1916,F,Nancy,3172
1916,F,Donna,805
1916,F,Carol,940
1916,F,Michelle,725
1916,F,Kimberly,1318
1916,F,Sandra,1951
1916,F,Sarah,3746
1916,F,Amy,3434
1916,F,Angela,4396
1917,M,Anthony,1777
1917,M,Mark,2526
1917,M,Donald,5681
1917,M,Steven,2976
1917,M,Paul,1468
1917,M,Kevin,2652
1917,M,Brian,1543
1917,M,George,4208
1917,M,Edward,7067
1917,M,Ronald,771
1917,F,Karen,613
1917,F,Nancy,911
1917,F,Donna,4250
1917,F,Carol,1154
1917,F,Michelle,686
1917,F,Kimberly,1219
1917,F,Sandra,2947
1917,F,Sarah,5170
1917,F,Amy,4559
1917,F,Angela,6616
1918,M,Anthony,231
1918,M,Mark,2994
1918,M,Donald,296
1918,M,Steven,2499
1918,M,Paul,4459
1918,M,Kevin,4344
1918,M,Brian,2801
1918,M,George,3070
1918,M,Edward,1562
1918,M,Ronald,2916
1918,F,Karen,2541
1918,F,Nancy,2392
1918,F,Donna,2396
1918,F,Carol,1235
1918,F,Michelle,1513
1918,F,Kimberly,3890
1918,F,Sandra,105
1918,F,Sarah,2640
1918,F,Amy,3327
1918,F,Angela,2735
1919,M,Anthony,5809
1919,M,Mark,6314
1919,M,Donald,2811
1919,M,Steven,1674
1919,M,Paul,1004
1919,M,Kevin,1135
1919,M,Brian,1071
1919,M,George,292
1919,M,Edward,3645
1919,M,Ronald,4094
1919,F,Karen,2432
1919,F,Nancy,2564
1919,F,Donna,2362
1919,F,Carol,823
1919,F,Michelle,1983
1919,F,Kimberly,7081
1919,F,Sandra,1524
1919,F,Sarah,1612
1919,F,Amy,1458
1919,F,Angela,3399
1920,M,Anthony,2486
1920,M,Mark,5383
1920,M,Donald,622
1920,M,Steven,3071
1920,M,Paul,505
1920,M,Kevin,2131
1920,M,Brian,2190
1920,M,George,1091
1920,M,Edward,5724
1920,M,Ronald,3726
1920,F,Karen,1731
1920,F,Nancy,1586
1920,F,Donna,4192
1920,F,Carol,2109
1920,F,Michelle,4661
1920,F,Kimberly,2570
1920,F,Sandra,1854
1920,F,Sarah,474
1920,F,Amy,3057
1920,F,Angela,2438
1921,M,Anthony,7043
1921,M,Mark,1473
1921,M,Donald,2728
1921,M,Steven,1084
1921,M,Paul,3739
1921,M,Kevin,337
1921,M,Brian,4177
1921,M,George,2732
1921,M,Edward,2824
1921,M,Ronald,5286
1921,F,Karen,1633
1921,F,Nancy,4263
1921,F,Donna,5652
1921,F,Carol,858
1921,F,Michelle,791
1921,F,Kimberly,710
1921,F,Sandra,1854
1921,F,Sarah,4423
1921,F,Amy,5143
1921,F,Angela,1863
1922,M,Anthony,3447
1922,M,Mark,3014
1922,M,Donald,4369
1922,M,Steven,1587
1922,M,Paul,2929
1922,M,Kevin,5568
1922,M,Brian,2619
1922,M,George,3643
1922,M,Edward,3664
1922,M,Ronald,697
1922,F,Karen,501
1922,F,Nancy,420
1922,F,Donna,1712
1922,F,Carol,2529
1922,F,Michelle,7304
1922,F,Kimberly,4072
1922,F,Sandra,681
1922,F,Sarah,2864
1922,F,Amy,718
1922,F,Angela,938
1923,M,Anthony,858
1923,M,Mark,2606
1923,M,Donald,1864
1923,M,Steven,2919
1923,M,Paul,2131
1923,M,Kevin,2220
1923,M,Brian,2869
1923,M,George,5657
1923,M,Edward,3877
1923,M,Ronald,6982
1923,F,Karen,687
1923,F,Nancy,2848
1923,F,Donna,355
1923,F,Carol,3183
1923,F,Michelle,2402
1923,F,Kimberly,3481
1923,F,Sandra,4547
1923,F,Sarah,1328
1923,F,Amy,4676
1923,F,Angela,487
1924,M,Anthony,2681
1924,M,Mark,6000
1924,M,Donald,5087
1924,M,Steven,5703
1924,M,Paul,2851
1924,M,Kevin,633
1924,M,Brian,2468
1924,M,George,1128
1924,M,Edward,6958
1924,M,Ronald,6101
1924,F,Karen,1808
1924,F,Nancy,1464
1924,F,Donna,3636
1924,F,Carol,3149
1924,F,Michelle,3990
1924,F,Kimberly,2212
1924,F,Sandra,939
1924,F,Sarah,4423
1924,F,Amy,492
1924,F,Angela,6317
1925,M,Anthony,2727
1925,M,Mark,5556
1925,M,Donald,6213
1925,M,Steven,1187
1925,M,Paul,3982
1925,M,Kevin,1464
1925,M,Brian,4191
1925,M,George,852
1925,M,Edward,2299
1925,M,Ronald,4929
1925,F,Karen,1952
1925,F,Nancy,1302
1925,F,Donna,7171
1925,F,Carol,1136
1925,F,Michelle,696
1925,F,Kimberly,392
1925,F,Sandra,1217
1925,F,Sarah,1626
1925,F,Amy,314
1925,F,Angela,1670
1926,M,Anthony,6413
1926,M,Mark,3610
1926,M,Donald,817
1926,M,Steven,3064
1926,M,Paul,4210
1926,M,Kevin,2312
1926,M,Brian,6077
1926,M,George,323
1926,M,Edward,2717
1926,M,Ronald,1469
1926,F,Karen,2150
1926,F,Nancy,4838
1926,F,Donna,1853
1926,F,Carol,4940
1926,F,Michelle,1559
1926,F,Kimberly,3631
1926,F,Sandra,3040
1926,F,Sarah,2539
1926,F,Amy,5117
1926,F,Angela,2589
1927,M,Anthony,2205
1927,M,Mark,1719
1927,M,Donald,4001
1927,M,Steven,3690
1927,M,Paul,4170
1927,M,Kevin,1616
1927,M,Brian,124
1927,M,George,1168
1927,M,Edward,1450
1927,M,Ronald,4622
1927,F,Karen,312
1927,F,Nancy,1605
1927,F,Donna,720
1927,F,Carol,2673
1927,F,Michelle,6522
1927,F,Kimberly,1087
1927,F,Sandra,6079
1927,F,Sarah,2640
1927,F,Amy,833
1927,F,Angela,910
1928,M,Anthony,995
1928,M,Mark,5045
1928,M,Donald,1843
1928,M,Steven,1871
1928,M,Paul,1034
1928,M,Kevin,445
1928,M,Brian,6030
1928,M,George,3139
1928,M,Edward,541
1928,M,Ronald,308
1928,F,Karen,1332
1928,F,Nancy,1790
1928,F,Donna,5298
1928,F,Carol,1313
1928,F,Michelle,4790
1928,F,Kimberly,7553
1928,F,Sandra,2648
1928,F,Sarah,643
1928,F,Amy,340
1928,F,Angela,1651
1929,M,Anthony,4312
1929,M,Mark,985
1929,M,Donald,4168
1929,M,Steven,2804
1929,M,Paul,1082
1929,M,Kevin,513
1929,M,Brian,2575
1929,M,George,1798
1929,M,Edward,4473
1929,M,Ronald,2346
1929,F,Karen,1748
1929,F,Nancy,357
1929,F,Donna,470
1929,F,Carol,1623
1929,F,Michelle,657
1929,F,Kimberly,1482
1929,F,Sandra,822
1929,F,Sarah,1985
1929,F,Amy,3885
1929,F,Angela,2143
1930,M,Anthony,6891
1930,M,Mark,5686
1930,M,Donald,2614
1930,M,Steven,2220
1930,M,Paul,504
1930,M,Kevin,750
1930,M,Brian,793
1930,M,George,207
1930,M,Edward,4230
1930,M,Ronald,222
1930,F,Karen,2376
1930,F,Nancy,1649
1930,F,Donna,432
1930,F,Carol,6116
1930,F,Michelle,4552
1930,F,Kimberly,3457
1930,F,Sandra,4648
1930,F,Sarah,3325
1930,F,Amy,1440
1930,F,Angela,905
1931,M,Anthony,7739
1931,M,Mark,478
1931,M,Donald,4673
1931,M,Steven,3685
1931,M,Paul,1588
1931,M,Kevin,376
1931,M,Brian,5130
1931,M,George,2456
1931,M,Edward,2932
1931,M,Ronald,681
1931,F,Karen,523
1931,F,Nancy,1782
1931,F,Donna,1987
1931,F,Carol,2291
1931,F,Michelle,1130
1931,F,Kimberly,1843
1931,F,Sandra,793
1931,F,Sarah,4562
1931,F,Amy,2888
1931,F,Angela,445
1932,M,Anthony,4765
1932,M,Mark,3452
1932,M,Donald,6287
1932,M,Steven,7483
1932,M,Paul,4587
1932,M,Kevin,2649
1932,M,Brian,606
1932,M,George,935
1932,M,Edward,2732
1932,M,Ronald,1763
1932,F,Karen,1306
1932,F,Nancy,606
1932,F,Donna,645
1932,F,Carol,3569
1932,F,Michelle,1144
1932,F,Kimberly,358
1932,F,Sandra,5298
1932,F,Sarah,625
1932,F,Amy,694
1932,F,Angela,2459
1933,M,Anthony,1309
1933,M,Mark,1417
1933,M,Donald,6054
1933,M,Steven,2894
1933,M,Paul,1848
1933,M,Kevin,1374
1933,M,Brian,1053
1933,M,George,1122
1933,M,Edward,6164
1933,M,Ronald,5069
1933,F,Karen,3335
1933,F,Nancy,1445
1933,F,Donna,7226
1933,F,Carol,2673
1933,F,Michelle,3612
1933,F,Kimberly,5446
1933,F,Sandra,1496
1933,F,Sarah,2509
1933,F,Amy,1344
1933,F,Angela,1502
1934,M,Anthony,5425
1934,M,Mark,952
1934,M,Donald,420
1934,M,Steven,4264
1934,M,Paul,254
1934,M,Kevin,5120
1934,M,Brian,1224
1934,M,George,1604
1934,M,Edward,3911
1934,M,Ronald,5908
1934,F,Karen,5971
1934,F,Nancy,6711
1934,F,Donna,2272
1934,F,Carol,5690
1934,F,Michelle,5239
1934,F,Kimberly,3985
1934,F,Sandra,630
1934,F,Sarah,1524
1934,F,Amy,3269
1934,F,Angela,3274
1935,M,Anthony,1434
1935,M,Mark,5692
1935,M,Donald,4796
1935,M,Steven,2499
1935,M,Paul,4162
1935,M,Kevin,444
1935,M,Brian,2053
1935,M,George,616
1935,M,Edward,3436
1935,M,Ronald,2506
1935,F,Karen,2926
1935,F,Nancy,3128
1935,F,Donna,4147
1935,F,Carol,2810
1935,F,Michelle,246
1935,F,Kimberly,1144
1935,F,Sandra,1166
1935,F,Sarah,4460
1935,F,Amy,3954
1935,F,Angela,1988
1936,M,Anthony,2453
1936,M,Mark,2295
1936,M,Donald,1585
1936,M,Steven,638
1936,M,Paul,1712
1936,M,Kevin,1244
1936,M,Brian,1509
1936,M,George,887
1936,M,Edward,946
1936,M,Ronald,6429
1936,F,Karen,4002
1936,F,Nancy,3794
1936,F,Donna,386
1936,F,Carol,4648
1936,F,Michelle,487
1936,F,Kimberly,1850
1936,F,Sandra,1333
1936,F,Sarah,7242
1936,F,Amy,3022
1936,F,Angela,770
1937,M,Anthony,1662
1937,M,Mark,1336
1937,M,Donald,4616
1937,M,Steven,1330
1937,M,Paul,2142
1937,M,Kevin,826
1937,M,Brian,4717
1937,M,George,5773
1937,M,Edward,1979
1937,M,Ronald,120
1937,F,Karen,4278
1937,F,Nancy,6454
1937,F,Donna,1144
1937,F,Carol,3217
1937,F,Michelle,1042
1937,F,Kimberly,2251
1937,F,Sandra,598
1937,F,Sarah,343
1937,F,Amy,4137
1937,F,Angela,1876
1938,M,Anthony,5548
1938,M,Mark,2164
1938,M,Donald,1933
1938,M,Steven,3747
1938,M,Paul,3339
1938,M,Kevin,5587
1938,M,Brian,7152
1938,M,George,422
1938,M,Edward,2044
1938,M,Ronald,4300
1938,F,Karen,5365
1938,F,Nancy,1726
1938,F,Donna,2123
1938,F,Carol,5780
1938,F,Michelle,1501
1938,F,Kimberly,1353
1938,F,Sandra,6635
1938,F,Sarah,2553
1938,F,Amy,2954
1938,F,Angela,470
1939,M,Anthony,2751
1939,M,Mark,439
1939,M,Donald,4213
1939,M,Steven,1005
1939,M,Paul,6118
1939,M,Kevin,316
1939,M,Brian,953
1939,M,George,5924
1939,M,Edward,6149
1939,M,Ronald,6784
1939,F,Karen,2540
1939,F,Nancy,6218
1939,F,Donna,3842
1939,F,Carol,2850
1939,F,Michelle,843
1939,F,Kimberly,730
1939,F,Sandra,5366
1939,F,Sarah,1349
1939,F,Amy,642
1939,F,Angela,2920
1940,M,Anthony,809
1940,M,Mark,1913
1940,M,Donald,2462
1940,M,Steven,2927
1940,M,Paul,2277
1940,M,Kevin,6827
1940,M,Brian,2923
1940,M,George,3004
1940,M,Edward,2410
1940,M,Ronald,1592
1940,F,Karen,4924
1940,F,Nancy,1537
1940,F,Donna,770
1940,F,Carol,5677
1940,F,Michelle,1049
1940,F,Kimberly,4477
1940,F,Sandra,1854
1940,F,Sarah,3545
1940,F,Amy,4138
1940,F,Angela,1542
1941,M,Anthony,6320
1941,M,Mark,2279
1941,M,Donald,622
1941,M,Steven,3886
1941,M,Paul,1100
1941,M,Kevin,4548
1941,M,Brian,559
1941,M,George,2257
1941,M,Edward,4545
1941,M,Ronald,3490
1941,F,Karen,2376
1941,F,Nancy,4900
1941,F,Donna,4210
1941,F,Carol,1791
1941,F,Michelle,152
1941,F,Kimberly,4341
1941,F,Sandra,689
1941,F,Sarah,561
1941,F,Amy,1372
1941,F,Angela,1119
1942,M,Anthony,2048
1942,M,Mark,3382
1942,M,Donald,2339
1942,M,Steven,561
1942,M,Paul,5067
1942,M,Kevin,5076
1942,M,Brian,3749
1942,M,George,628
1942,M,Edward,6172
1942,M,Ronald,1043
1942,F,Karen,3153
1942,F,Nancy,4593
1942,F,Donna,2477
1942,F,Carol,2582
1942,F,Michelle,2813
1942,F,Kimberly,396
1942,F,Sandra,844
1942,F,Sarah,2461
1942,F,Amy,681
1942,F,Angela,421
1943,M,Anthony,3977
1943,M,Mark,6968
1943,M,Donald,4470
1943,M,Steven,2499
1943,M,Paul,1285
1943,M,Kevin,1603
1943,M,Brian,3449
1943,M,George,2454
1943,M,Edward,2780
1943,M,Ronald,1351
1943,F,Karen,3826
1943,F,Nancy,4250
1943,F,Donna,848
1943,F,Carol,243
1943,F,Michelle,2728
1943,F,Kimberly,3860
1943,F,Sandra,580
1943,F,Sarah,2640
1943,F,Amy,4790
1943,F,Angela,860
1944,M,Anthony,2617
1944,M,Mark,1743
1944,M,Donald,5016
1944,M,Steven,496
1944,M,Paul,5408
1944,M,Kevin,545
1944,M,Brian,909
1944,M,George,1288
1944,M,Edward,376
1944,M,Ronald,494
1944,F,Karen,921
1944,F,Nancy,650
1944,F,Donna,2112
1944,F,Carol,3974
1944,F,Michelle,2402
1944,F,Kimberly,5032
1944,F,Sandra,1379
1944,F,Sarah,727
1944,F,Amy,2595
1944,F,Angela,1055
1945,M,Anthony,616
1945,M,Mark,4687
1945,M,Donald,4720
1945,M,Steven,6816
1945,M,Paul,455
1945,M,Kevin,471
1945,M,Brian,545
1945,M,George,432
1945,M,Edward,6033
1945,M,Ronald,7513
1945,F,Karen,1225
1945,F,Nancy,1241
1945,F,Donna,2362
1945,F,Carol,5457
1945,F,Michelle,2897
1945,F,Kimberly,452
1945,F,Sandra,1034
1945,F,Sarah,1835
1945,F,Amy,2456
1945,F,Angela,4315
1946,M,Anthony,589
1946,M,Mark,1101
1946,M,Donald,2948
1946,M,Steven,396
1946,M,Paul,1541
1946,M,Kevin,1013
1946,M,Brian,381
1946,M,George,2040
1946,M,Edward,2435
1946,M,Ronald,1684
1946,F,Karen,556
1946,F,Nancy,734
1946,F,Donna,3198
1946,F,Carol,5287
1946,F,Michelle,2369
1946,F,Kimberly,2478
1946,F,Sandra,1447
1946,F,Sarah,4779
1946,F,Amy,1116
1946,F,Angela,356
1947,M,Anthony,3813
1947,M,Mark,6239
1947,M,Donald,3883
1947,M,Steven,2125
1947,M,Paul,3885
1947,M,Kevin,1554
1947,M,Brian,3071
1947,M,George,6389
1947,M,Edward,7273
1947,M,Ronald,4410
1947,F,Karen,1846
1947,F,Nancy,5441
1947,F,Donna,997
1947,F,Carol,303
1947,F,Michelle,4363
1947,F,Kimberly,1018
1947,F,Sandra,673
1947,F,Sarah,878
1947,F,Amy,364
1947,F,Angela,5426
1948,M,Anthony,3371
1948,M,Mark,3825
1948,M,Donald,378
1948,M,Steven,1368
1948,M,Paul,4078
1948,M,Kevin,3936
1948,M,Brian,1611
1948,M,George,3253
1948,M,Edward,1830
1948,M,Ronald,2453
1948,F,Karen,5711
1948,F,Nancy,1998
1948,F,Donna,2654
1948,F,Carol,713
1948,F,Michelle,152
1948,F,Kimberly,1547
1948,F,Sandra,6523
1948,F,Sarah,6300
1948,F,Amy,2152
1948,F,Angela,1040
1949,M,Anthony,2741
1949,M,Mark,4773
1949,M,Donald,800
1949,M,Steven,3940
1949,M,Paul,3627
1949,M,Kevin,1425
1949,M,Brian,6316
1949,M,George,3665
1949,M,Edward,1378
1949,M,Ronald,1398
1949,F,Karen,4952
1949,F,Nancy,3063
1949,F,Donna,4365
1949,F,Carol,3519
1949,F,Michelle,965
1949,F,Kimberly,1999
1949,F,Sandra,5446
1949,F,Sarah,2060
1949,F,Amy,4222
1949,F,Angela,1844
1950,M,Anthony,5231
1950,M,Mark,3083
1950,M,Donald,6285
1950,M,Steven,1052
1950,M,Paul,2144
1950,M,Kevin,3357
1950,M,Brian,3239
1950,M,George,3610
1950,M,Edward,3824
1950,M,Ronald,1150
1950,F,Karen,1077
1950,F,Nancy,588
1950,F,Donna,5742
1950,F,Carol,2166
1950,F,Michelle,6512
1950,F,Kimberly,6600
1950,F,Sandra,4045
1950,F,Sarah,3671
1950,F,Amy,4786
1950,F,Angela,5152
1951,M,Anthony,5383
1951,M,Mark,5501
1951,M,Donald,2819
1951,M,Steven,1013
1951,M,Paul,2436
1951,M,Kevin,2599
1951,M,Brian,426
1951,M,George,4964
1951,M,Edward,1876
1951,M,Ronald,2598
1951,F,Karen,2675
1951,F,Nancy,595
1951,F,Donna,379
1951,F,Carol,2512
1951,F,Michelle,1891
1951,F,Kimberly,2424
1951,F,Sandra,5393
1951,F,Sarah,6043
1951,F,Amy,3890
1951,F,Angela,4984
1952,M,Anthony,6318
1952,M,Mark,3374
1952,M,Donald,4860
1952,M,Steven,466
1952,M,Paul,685
1952,M,Kevin,5214
1952,M,Brian,4330
1952,M,George,3021
1952,M,Edward,5183
1952,M,Ronald,307
1952,F,Karen,464
1952,F,Nancy,1692
1952,F,Donna,1390
1952,F,Carol,3251
1952,F,Michelle,2986
1952,F,Kimberly,3252
1952,F,Sandra,3398
1952,F,Sarah,440
1952,F,Amy,3601
1952,F,Angela,2660
1953,M,Anthony,1109
1953,M,Mark,3599
1953,M,Donald,1330
1953,M,Steven,2147
1953,M,Paul,4139
1953,M,Kevin,3763
1953,M,Brian,2584
1953,M,George,413
1953,M,Edward,3362
1953,M,Ronald,5743
1953,F,Karen,1031
1953,F,Nancy,5072
1953,F,Donna,679
1953,F,Carol,2327
1953,F,Michelle,3884
1953,F,Kimberly,6152
1953,F,Sandra,6050
1953,F,Sarah,4177
1953,F,Amy,7191
1953,F,Angela,943
1954,M,Anthony,524
1954,M,Mark,1391
1954,M,Donald,412
1954,M,Steven,1295
1954,M,Paul,4616
1954,M,Kevin,6515
1954,M,Brian,2417
1954,M,George,3503
1954,M,Edward,5435
1954,M,Ronald,1641
1954,F,Karen,4004
1954,F,Nancy,805
1954,F,Donna,6133
1954,F,Carol,6703
1954,F,Michelle,786
1954,F,Kimberly,2558
1954,F,Sandra,3667
1954,F,Sarah,2366
1954,F,Amy,2716
1954,F,Angela,3020
1955,M,Anthony,955
1955,M,Mark,2709
1955,M,Donald,856
1955,M,Steven,3561
1955,M,Paul,2568
1955,M,Kevin,1267
1955,M,Brian,1884
1955,M,George,2077
1955,M,Edward,5936
1955,M,Ronald,4030
1955,F,Karen,1943
1955,F,Nancy,2869
1955,F,Donna,900
1955,F,Carol,567
1955,F,Michelle,4396
1955,F,Kimberly,566
1955,F,Sandra,1205
1955,F,Sarah,1870
1955,F,Amy,3666
1955,F,Angela,1287
1956,M,Anthony,2659
1956,M,Mark,3028
1956,M,Donald,3661
1956,M,Steven,4082
1956,M,Paul,2940
1956,M,Kevin,3761
1956,M,Brian,5118
1956,M,George,844
1956,M,Edward,6213
1956,M,Ronald,671
1956,F,Karen,7650
1956,F,Nancy,6125
1956,F,Donna,1123
1956,F,Carol,5220
1956,F,Michelle,6463
1956,F,Kimberly,4690
1956,F,Sandra,6057
1956,F,Sarah,1819
1956,F,Amy,5780
1956,F,Angela,1519
1957,M,Anthony,3133
1957,M,Mark,1489
1957,M,Donald,1001
1957,M,Steven,858
1957,M,Paul,1729
1957,M,Kevin,6525
1957,M,Brian,5341
1957,M,George,2028
1957,M,Edward,3618
1957,M,Ronald,1100
1957,F,Karen,820
1957,F,Nancy,6126
1957,F,Donna,7076
1957,F,Carol,6002
1957,F,Michelle,2666
1957,F,Kimberly,1289
1957,F,Sandra,3183
1957,F,Sarah,385
1957,F,Amy,1149
1957,F,Angela,3428
1958,M,Anthony,2411
1958,M,Mark,1159
1958,M,Donald,1484
1958,M,Steven,2437
1958,M,Paul,323
1958,M,Kevin,2042
1958,M,Brian,3627
1958,M,George,3724
1958,M,Edward,3410
1958,M,Ronald,3591
1958,F,Karen,1343
1958,F,Nancy,4707
1958,F,Donna,2812
1958,F,Carol,641
1958,F,Michelle,836
1958,F,Kimberly,5857
1958,F,Sandra,1854
1958,F,Sarah,2846
1958,F,Amy,5254
1958,F,Angela,3019
1959,M,Anthony,2414
1959,M,Mark,4985
1959,M,Donald,2148
1959,M,Steven,865
1959,M,Paul,4347
1959,M,Kevin,673
1959,M,Brian,2407
1959,M,George,1214
1959,M,Edward,550
1959,M,Ronald,2359
1959,F,Karen,4857
1959,F,Nancy,1635
1959,F,Donna,996
1959,F,Carol,4287
1959,F,Michelle,4151
1959,F,Kimberly,5216
1959,F,Sandra,1447
1959,F,Sarah,750
1959,F,Amy,3360
1959,F,Angela,6509
1960,M,Anthony,708
1960,M,Mark,693
1960,M,Donald,1458
1960,M,Steven,2499
1960,M,Paul,1087
1960,M,Kevin,291
1960,M,Brian,5162
1960,M,George,1491
1960,M,Edward,365
1960,M,Ronald,2048
1960,F,Karen,3224
1960,F,Nancy,1716
1960,F,Donna,394
1960,F,Carol,4703
1960,F,Michelle,4142
1960,F,Kimberly,3889
1960,F,Sandra,1290
1960,F,Sarah,5692
1960,F,Amy,289
1960,F,Angela,1087
1961,M,Anthony,2349
1961,M,Mark,5366
1961,M,Donald,1257
1961,M,Steven,1884
1961,M,Paul,3016
1961,M,Kevin,766
1961,M,Brian,877
1961,M,George,2867
1961,M,Edward,1205
1961,M,Ronald,2921
1961,F,Karen,1955
1961,F,Nancy,6737
1961,F,Donna,3021
1961,F,Carol,1525
1961,F,Michelle,5037
1961,F,Kimberly,2556
1961,F,Sandra,2500
1961,F,Sarah,6082
1961,F,Amy,2752
1961,F,Angela,1938
1962,M,Anthony,2531
1962,M,Mark,4905
1962,M,Donald,2773
1962,M,Steven,2190
1962,M,Paul,3063
1962,M,Kevin,531
1962,M,Brian,3680
1962,M,George,3115
1962,M,Edward,1971
1962,M,Ronald,2404
1962,F,Karen,495
1962,F,Nancy,1523
1962,F,Donna,3156
1962,F,Carol,5901
1962,F,Michelle,5469
1962,F,Kimberly,926
1962,F,Sandra,4892
1962,F,Sarah,1484
1962,F,Amy,1455
1962,F,Angela,2510
1963,M,Anthony,3103
1963,M,Mark,2616
1963,M,Donald,2393
1963,M,Steven,1457
1963,M,Paul,6519
1963,M,Kevin,477
1963,M,Brian,3457
1963,M,George,2696
1963,M,Edward,5931
1963,M,Ronald,4594
1963,F,Karen,671
1963,F,Nancy,3758
1963,F,Donna,1972
1963,F,Carol,1519
1963,F,Michelle,1206
1963,F,Kimberly,2696
1963,F,Sandra,4442
1963,F,Sarah,2448
1963,F,Amy,1985
1963,F,Angela,4102
1964,M,Anthony,4036
1964,M,Mark,3405
1964,M,Donald,863
1964,M,Steven,2925
1964,M,Paul,2610
1964,M,Kevin,5380
1964,M,Brian,4094
1964,M,George,5855
1964,M,Edward,5766
1964,M,Ronald,4037
1964,F,Karen,1427
1964,F,Nancy,4810
1964,F,Donna,430
1964,F,Carol,776
1964,F,Michelle,3334
1964,F,Kimberly,3583
1964,F,Sandra,1583
1964,F,Sarah,3431
1964,F,Amy,831
1964,F,Angela,443
1965,M,Anthony,3585
1965,M,Mark,3876
1965,M,Donald,3664
1965,M,Steven,3508
1965,M,Paul,1925
1965,M,Kevin,2953
1965,M,Brian,4226
1965,M,George,4419
1965,M,Edward,3410
1965,M,Ronald,2818
1965,F,Karen,4869
1965,F,Nancy,1606
1965,F,Donna,907
1965,F,Carol,2506
1965,F,Michelle,489
1965,F,Kimberly,2171
1965,F,Sandra,1209
1965,F,Sarah,2547
1965,F,Amy,741
1965,F,Angela,2093
1966,M,Anthony,5913
1966,M,Mark,7496
1966,M,Donald,1873
1966,M,Steven,4080
1966,M,Paul,3559
1966,M,Kevin,5285
1966,M,Brian,4243
1966,M,George,401
1966,M,Edward,3772
1966,M,Ronald,2863
1966,F,Karen,1951
1966,F,Nancy,384
1966,F,Donna,3024
1966,F,Carol,6150
1966,F,Michelle,1060
1966,F,Kimberly,1021
1966,F,Sandra,1732
1966,F,Sarah,7701
1966,F,Amy,5294
1966,F,Angela,3581
1967,M,Anthony,1710
1967,M,Mark,6310
1967,M,Donald,3221
1967,M,Steven,2499
1967,M,Paul,1174
1967,M,Kevin,1341
1967,M,Brian,1733
1967,M,George,1223
1967,M,Edward,7199
1967,M,Ronald,4067
1967,F,Karen,3899
1967,F,Nancy,664
1967,F,Donna,1847
1967,F,Carol,417
1967,F,Michelle,2435
1967,F,Kimberly,5650
1967,F,Sandra,1233
1967,F,Sarah,5019
1967,F,Amy,2633
1967,F,Angela,4204
1968,M,Anthony,292
1968,M,Mark,1901
1968,M,Donald,850
1968,M,Steven,2936
1968,M,Paul,3094
1968,M,Kevin,5784
1968,M,Brian,1003
1968,M,George,522
1968,M,Edward,490
1968,M,Ronald,1116
1968,F,Karen,2435
1968,F,Nancy,984
1968,F,Donna,2397
1968,F,Carol,5269
1968,F,Michelle,200
1968,F,Kimberly,4760
1968,F,Sandra,4407
1968,F,Sarah,3115
1968,F,Amy,2891
1968,F,Angela,7366
1969,M,Anthony,838
1969,M,Mark,2461
1969,M,Donald,2565
1969,M,Steven,394
1969,M,Paul,1972
1969,M,Kevin,2389
1969,M,Brian,4426
1969,M,George,870
1969,M,Edward,402
1969,M,Ronald,2525
1969,F,Karen,1375
1969,F,Nancy,1524
1969,F,Donna,1755
1969,F,Carol,3390
1969,F,Michelle,2402
1969,F,Kimberly,4207
1969,F,Sandra,983
1969,F,Sarah,2640
1969,F,Amy,1714
1969,F,Angela,2602
1970,M,Anthony,2640
1970,M,Mark,2918
1970,M,Donald,3536
1970,M,Steven,5495
1970,M,Paul,4890
1970,M,Kevin,1405
1970,M,Brian,1961
1970,M,George,2423
1970,M,Edward,3866
1970,M,Ronald,1135
1970,F,Karen,3804
1970,F,Nancy,834
1970,F,Donna,4982
1970,F,Carol,5012
1970,F,Michelle,3107
1970,F,Kimberly,6158
1970,F,Sandra,4698
1970,F,Sarah,4505
1970,F,Amy,4939
1970,F,Angela,5897
1971,M,Anthony,3943
1971,M,Mark,232
1971,M,Donald,457
1971,M,Steven,1658
1971,M,Paul,1891
1971,M,Kevin,4775
1971,M,Brian,5549
1971,M,George,6762
1971,M,Edward,3251
1971,M,Ronald,2101
1971,F,Karen,516
1971,F,Nancy,5268
1971,F,Donna,910
1971,F,Carol,1336
1971,F,Michelle,5405
1971,F,Kimberly,3951
1971,F,Sandra,5768
1971,F,Sarah,978
1971,F,Amy,3960
1971,F,Angela,896
1972,M,Anthony,1215
1972,M,Mark,3249
1972,M,Donald,6939
1972,M,Steven,4661
1972,M,Paul,250
1972,M,Kevin,619
1972,M,Brian,5852
1972,M,George,5013
1972,M,Edward,3567
1972,M,Ronald,338
1972,F,Karen,1262
1972,F,Nancy,3435
1972,F,Donna,1943
1972,F,Carol,3505
1972,F,Michelle,7451
1972,F,Kimberly,225
1972,F,Sandra,2164
1972,F,Sarah,6458
1972,F,Amy,5381
1972,F,Angela,945
1973,M,Anthony,2964
1973,M,Mark,3931
1973,M,Donald,2829
1973,M,Steven,5012
1973,M,Paul,6003
1973,M,Kevin,2795
1973,M,Brian,794
1973,M,George,208
1973,M,Edward,1146
1973,M,Ronald,590
1973,F,Karen,1788
1973,F,Nancy,6492
1973,F,Donna,1257
1973,F,Carol,1828
1973,F,Michelle,3075
1973,F,Kimberly,4962
1973,F,Sandra,215
1973,F,Sarah,752
1973,F,Amy,6887
1973,F,Angela,592
1974,M,Anthony,3474
1974,M,Mark,5528
1974,M,Donald,2728
1974,M,Steven,4607
1974,M,Paul,3669
1974,M,Kevin,570
1974,M,Brian,1481
1974,M,George,4257
1974,M,Edward,4237
1974,M,Ronald,3189
1974,F,Karen,7264
1974,F,Nancy,3540
1974,F,Donna,3429
1974,F,Carol,3808
1974,F,Michelle,2736
1974,F,Kimberly,3841
1974,F,Sandra,4695
1974,F,Sarah,2640
1974,F,Amy,6229
1974,F,Angela,2459
1975,M,Anthony,3072
1975,M,Mark,580
1975,M,Donald,1383
1975,M,Steven,7175
1975,M,Paul,5596
1975,M,Kevin,1340
1975,M,Brian,2090
1975,M,George,2858
1975,M,Edward,5480
1975,M,Ronald,3127
1975,F,Karen,2723
1975,F,Nancy,1341
1975,F,Donna,1659
1975,F,Carol,4075
1975,F,Michelle,3730
1975,F,Kimberly,666
1975,F,Sandra,1729
1975,F,Sarah,1317
1975,F,Amy,6903
1975,F,Angela,1576
1976,M,Anthony,3188
1976,M,Mark,2480
1976,M,Donald,4492
1976,M,Steven,1053
1976,M,Paul,7160
1976,M,Kevin,1513
1976,M,Brian,2440
1976,M,George,6028
1976,M,Edward,2812
1976,M,Ronald,2623
1976,F,Karen,2101
1976,F,Nancy,4638
1976,F,Donna,1284
1976,F,Carol,1152
1976,F,Michelle,1751
1976,F,Kimberly,6285
1976,F,Sandra,5069
1976,F,Sarah,2451
1976,F,Amy,1146
1976,F,Angela,3481
1977,M,Anthony,4067
1977,M,Mark,1557
1977,M,Donald,2633
1977,M,Steven,7262
1977,M,Paul,4192
1977,M,Kevin,2246
1977,M,Brian,826
1977,M,George,4544
1977,M,Edward,6776
1977,M,Ronald,1537
1977,F,Karen,356
1977,F,Nancy,1391
1977,F,Donna,4983
1977,F,Carol,920
1977,F,Michelle,4060
1977,F,Kimberly,4707
1977,F,Sandra,709
1977,F,Sarah,3499
1977,F,Amy,3893
1977,F,Angela,6739
1978,M,Anthony,2640
1978,M,Mark,669
1978,M,Donald,6174
1978,M,Steven,5012
1978,M,Paul,1174
1978,M,Kevin,1035
1978,M,Brian,3554
1978,M,George,6813
1978,M,Edward,1549
1978,M,Ronald,6239
1978,F,Karen,2519
1978,F,Nancy,2677
1978,F,Donna,5352
1978,F,Carol,3913
1978,F,Michelle,1613
1978,F,Kimberly,4689
1978,F,Sandra,927
1978,F,Sarah,6240
1978,F,Amy,1057
1978,F,Angela,239
1979,M,Anthony,4888
1979,M,Mark,2822
1979,M,Donald,2322
1979,M,Steven,1150
1979,M,Paul,902
1979,M,Kevin,3936
1979,M,Brian,4995
1979,M,George,2088
1979,M,Edward,864
1979,M,Ronald,2598
1979,F,Karen,3782
1979,F,Nancy,3968
1979,F,Donna,1111
1979,F,Carol,5419
1979,F,Michelle,5504
1979,F,Kimberly,2558
1979,F,Sandra,6717
1979,F,Sarah,3129
1979,F,Amy,2668
1979,F,Angela,2081
1980,M,Anthony,1551
1980,M,Mark,4660
1980,M,Donald,5305
1980,M,Steven,1793
1980,M,Paul,5764
1980,M,Kevin,1964
1980,M,Brian,1234
1980,M,George,3138
1980,M,Edward,4005
1980,M,Ronald,2978
1980,F,Karen,4298
1980,F,Nancy,5488
1980,F,Donna,1256
1980,F,Carol,1265
1980,F,Michelle,1361
1980,F,Kimberly,1620
1980,F,Sandra,6555
1980,F,Sarah,726
1980,F,Amy,4852
1980,F,Angela,5062
1981,M,Anthony,2681
1981,M,Mark,3999
1981,M,Donald,2191
1981,M,Steven,1886
1981,M,Paul,2029
1981,M,Kevin,1323
1981,M,Brian,1167
1981,M,George,3807
1981,M,Edward,1052
1981,M,Ronald,1427
1981,F,Karen,2231
1981,F,Nancy,265
1981,F,Donna,4842
1981,F,Carol,600
1981,F,Michelle,4126
1981,F,Kimberly,1749
1981,F,Sandra,595
1981,F,Sarah,4856
1981,F,Amy,2152
1981,F,Angela,2525
1982,M,Anthony,2360
1982,M,Mark,929
1982,M,Donald,2728
1982,M,Steven,1249
1982,M,Paul,1033
1982,M,Kevin,3983
1982,M,Brian,5156
1982,M,George,2640
1982,M,Edward,4138
1982,M,Ronald,1223
1982,F,Karen,4475
1982,F,Nancy,5854
1982,F,Donna,3779
1982,F,Carol,3290
1982,F,Michelle,529
1982,F,Kimberly,1812
1982,F,Sandra,3649
1982,F,Sarah,5535
1982,F,Amy,2180
1982,F,Angela,2219
1983,M,Anthony,524
1983,M,Mark,4238
1983,M,Donald,1342
1983,M,Steven,3953
1983,M,Paul,637
1983,M,Kevin,2058
1983,M,Brian,345
1983,M,George,1387
1983,M,Edward,1967
1983,M,Ronald,3516
1983,F,Karen,3624
1983,F,Nancy,2720
1983,F,Donna,400
1983,F,Carol,3290
1983,F,Michelle,3308
1983,F,Kimberly,2251
1983,F,Sandra,4618
1983,F,Sarah,5627
1983,F,Amy,2558
1983,F,Angela,429
1984,M,Anthony,2582
1984,M,Mark,4344
1984,M,Donald,6396
1984,M,Steven,4316
1984,M,Paul,3907
1984,M,Kevin,1680
1984,M,Brian,5467
1984,M,George,3039
1984,M,Edward,1710
1984,M,Ronald,1186
1984,F,Karen,3765
1984,F,Nancy,311
1984,F,Donna,897
1984,F,Carol,638
1984,F,Michelle,502
1984,F,Kimberly,6365
1984,F,Sandra,4432
1984,F,Sarah,1349
1984,F,Amy,4047
1984,F,Angela,4271
1985,M,Anthony,4511
1985,M,Mark,1511
1985,M,Donald,5616
1985,M,Steven,1603
1985,M,Paul,1784
1985,M,Kevin,1428
1985,M,Brian,5851
1985,M,George,6997
1985,M,Edward,7668
1985,M,Ronald,2887
1985,F,Karen,1129
1985,F,Nancy,633
1985,F,Donna,1944
1985,F,Carol,2564
1985,F,Michelle,1762
1985,F,Kimberly,1866
1985,F,Sandra,5813
1985,F,Sarah,2639
1985,F,Amy,2804
1985,F,Angela,2517
1986,M,Anthony,4006
1986,M,Mark,3014
1986,M,Donald,3124
1986,M,Steven,2275
1986,M,Paul,611
1986,M,Kevin,1277
1986,M,Brian,544
1986,M,George,616
1986,M,Edward,3410
1986,M,Ronald,3334
1986,F,Karen,2394
1986,F,Nancy,4451
1986,F,Donna,5144
1986,F,Carol,4022
1986,F,Michelle,134
1986,F,Kimberly,1300
1986,F,Sandra,6211
1986,F,Sarah,1375
1986,F,Amy,5034
1986,F,Angela,193
1987,M,Anthony,1190
1987,M,Mark,3095
1987,M,Donald,4805
1987,M,Steven,5412
1987,M,Paul,826
1987,M,Kevin,6791
1987,M,Brian,1001
1987,M,George,615
1987,M,Edward,2447
1987,M,Ronald,2528
1987,F,Karen,2759
1987,F,Nancy,422
1987,F,Donna,6120
1987,F,Carol,3042
1987,F,Michelle,718
1987,F,Kimberly,2487
1987,F,Sandra,554
1987,F,Sarah,1503
1987,F,Amy,4774
1987,F,Angela,1671
1988,M,Anthony,5126
1988,M,Mark,3014
1988,M,Donald,3016
1988,M,Steven,1209
1988,M,Paul,1979
1988,M,Kevin,6038
1988,M,Brian,6270
1988,M,George,1420
1988,M,Edward,2986
1988,M,Ronald,4490
1988,F,Karen,4069
1988,F,Nancy,6610
1988,F,Donna,1985
1988,F,Carol,3647
1988,F,Michelle,2270
1988,F,Kimberly,1773
1988,F,Sandra,313
1988,F,Sarah,5096
1988,F,Amy,4154
1988,F,Angela,1345
1989,M,Anthony,3003
1989,M,Mark,3807
1989,M,Donald,5479
1989,M,Steven,148
1989,M,Paul,4368
1989,M,Kevin,1619
1989,M,Brian,2496
1989,M,George,1221
1989,M,Edward,3734
1989,M,Ronald,1767
1989,F,Karen,4240
1989,F,Nancy,6988
1989,F,Donna,5212
1989,F,Carol,4652
1989,F,Michelle,1514
1989,F,Kimberly,3244
1989,F,Sandra,5657
1989,F,Sarah,2862
1989,F,Amy,7123
1989,F,Angela,3082
1990,M,Anthony,6590
1990,M,Mark,459
1990,M,Donald,1795
1990,M,Steven,2317
1990,M,Paul,408
1990,M,Kevin,2250
1990,M,Brian,397
1990,M,George,3464
1990,M,Edward,5596
1990,M,Ronald,2721
1990,F,Karen,5028
1990,F,Nancy,2597
1990,F,Donna,653
1990,F,Carol,5770
1990,F,Michelle,1451
1990,F,Kimberly,4707
1990,F,Sandra,5563
1990,F,Sarah,1350
1990,F,Amy,6381
1990,F,Angela,2468
1991,M,Anthony,550
1991,M,Mark,3747
1991,M,Donald,4289
1991,M,Steven,3771
1991,M,Paul,1266
1991,M,Kevin,1062
1991,M,Brian,7078
1991,M,George,5190
1991,M,Edward,4587
1991,M,Ronald,1521
1991,F,Karen,2357
1991,F,Nancy,2733
1991,F,Donna,4286
1991,F,Carol,1075
1991,F,Michelle,5851
1991,F,Kimberly,3521
1991,F,Sandra,6336
1991,F,Sarah,883
1991,F,Amy,4434
1991,F,Angela,2299
1992,M,Anthony,418
1992,M,Mark,1328
1992,M,Donald,1334
1992,M,Steven,178
1992,M,Paul,6107
1992,M,Kevin,734
1992,M,Brian,3957
1992,M,George,4903
1992,M,Edward,4343
1992,M,Ronald,3876
1992,F,Karen,431
1992,F,Nancy,6045
1992,F,Donna,754
1992,F,Carol,858
1992,F,Michelle,2443
1992,F,Kimberly,703
1992,F,Sandra,493
1992,F,Sarah,2420
1992,F,Amy,2334
1992,F,Angela,2847
1993,M,Anthony,2199
1993,M,Mark,3385
1993,M,Donald,2634
1993,M,Steven,4287
1993,M,Paul,718
1993,M,Kevin,2329
1993,M,Brian,348
1993,M,George,2113
1993,M,Edward,957
1993,M,Ronald,3412
1993,F,Karen,2189
1993,F,Nancy,2464
1993,F,Donna,5760
1993,F,Carol,1908
1993,F,Michelle,3839
1993,F,Kimberly,1452
1993,F,Sandra,2272
1993,F,Sarah,4559
1993,F,Amy,4382
1993,F,Angela,2707
1994,M,Anthony,3308
1994,M,Mark,1293
1994,M,Donald,313
1994,M,Steven,2652
1994,M,Paul,5355
1994,M,Kevin,6963
1994,M,Brian,2870
1994,M,George,1830
1994,M,Edward,5366
1994,M,Ronald,4735
1994,F,Karen,5976
1994,F,Nancy,1235
1994,F,Donna,1689
1994,F,Carol,1224
1994,F,Michelle,1464
1994,F,Kimberly,5486
1994,F,Sandra,900
1994,F,Sarah,799
1994,F,Amy,4335
1994,F,Angela,3650
1995,M,Anthony,3262
1995,M,Mark,2518
1995,M,Donald,2346
1995,M,Steven,4864
1995,M,Paul,1432
1995,M,Kevin,5653
1995,M,Brian,4739
1995,M,George,2466
1995,M,Edward,3350
1995,M,Ronald,6203
1995,F,Karen,6078
1995,F,Nancy,5047
1995,F,Donna,6924
1995,F,Carol,6429
1995,F,Michelle,1846
1995,F,Kimberly,4144
1995,F,Sandra,120
1995,F,Sarah,2640
1995,F,Amy,7784
1995,F,Angela,2459
1996,M,Anthony,3710
1996,M,Mark,2604
1996,M,Donald,1100
1996,M,Steven,2045
1996,M,Paul,1750
1996,M,Kevin,3724
1996,M,Brian,1157
1996,M,George,3747
1996,M,Edward,501
1996,M,Ronald,2257
1996,F,Karen,3252
1996,F,Nancy,2636
1996,F,Donna,5262
1996,F,Carol,626
1996,F,Michelle,6628
1996,F,Kimberly,4678
1996,F,Sandra,634
1996,F,Sarah,1183
1996,F,Amy,6315
1996,F,Angela,1850
1997,M,Anthony,2764
1997,M,Mark,3838
1997,M,Donald,3985
1997,M,Steven,1689
1997,M,Paul,2097
1997,M,Kevin,1644
1997,M,Brian,389
1997,M,George,932
1997,M,Edward,4884
1997,M,Ronald,2598
1997,F,Karen,1646
1997,F,Nancy,539
1997,F,Donna,4250
1997,F,Carol,4900
1997,F,Michelle,3996
1997,F,Kimberly,1552
1997,F,Sandra,1418
1997,F,Sarah,1944
1997,F,Amy,4942
1997,F,Angela,2483
1998,M,Anthony,1179
1998,M,Mark,304
1998,M,Donald,2728
1998,M,Steven,2829
1998,M,Paul,3873
1998,M,Kevin,6862
1998,M,Brian,270
1998,M,George,1960
1998,M,Edward,448
1998,M,Ronald,3360
1998,F,Karen,2020
1998,F,Nancy,7775
1998,F,Donna,1398
1998,F,Carol,2080
1998,F,Michelle,3718
1998,F,Kimberly,4478
1998,F,Sandra,683
1998,F,Sarah,3515
1998,F,Amy,227
1998,F,Angela,2893
1999,M,Anthony,4085
1999,M,Mark,5706
1999,M,Donald,2096
1999,M,Steven,3754
1999,M,Paul,5874
1999,M,Kevin,369
1999,M,Brian,5050
1999,M,George,3960
1999,M,Edward,4476
1999,M,Ronald,1828
1999,F,Karen,3352
1999,F,Nancy,5220
1999,F,Donna,721
1999,F,Carol,4433
1999,F,Michelle,3579
1999,F,Kimberly,2560
1999,F,Sandra,4076
1999,F,Sarah,6110
1999,F,Amy,4801
1999,F,Angela,3358
2000,M,Anthony,481
2000,M,Mark,3838
2000,M,Donald,1338
2000,M,Steven,3325
2000,M,Paul,564
2000,M,Kevin,895
2000,M,Brian,3971
2000,M,George,1663
2000,M,Edward,6153
2000,M,Ronald,3454
2000,F,Karen,5264
2000,F,Nancy,512
2000,F,Donna,4642
2000,F,Carol,5226
2000,F,Michelle,2250
2000,F,Kimberly,1790
2000,F,Sandra,1443
2000,F,Sarah,1867
2000,F,Amy,2749
2000,F,Angela,4997
2001,M,Anthony,585
2001,M,Mark,2150
2001,M,Donald,2328
2001,M,Steven,2021
2001,M,Paul,5171
2001,M,Kevin,787
2001,M,Brian,2647
2001,M,George,1411
2001,M,Edward,3179
2001,M,Ronald,2185
2001,F,Karen,140
2001,F,Nancy,2736
2001,F,Donna,2362
2001,F,Carol,1981
2001,F,Michelle,295
2001,F,Kimberly,260
2001,F,Sandra,1222
2001,F,Sarah,3131
2001,F,Amy,3022
2001,F,Angela,2096
2002,M,Anthony,3117
2002,M,Mark,4265
2002,M,Donald,7758
2002,M,Steven,6186
2002,M,Paul,3213
2002,M,Kevin,1225
2002,M,Brian,4593
2002,M,George,2432
2002,M,Edward,2447
2002,M,Ronald,1174
2002,F,Karen,1527
2002,F,Nancy,1118
2002,F,Donna,3089
2002,F,Carol,2901
2002,F,Michelle,1040
2002,F,Kimberly,2288
2002,F,Sandra,315
2002,F,Sarah,2008
2002,F,Amy,2161
2002,F,Angela,2197
2003,M,Anthony,3301
2003,M,Mark,3014
2003,M,Donald,4157
2003,M,Steven,490
2003,M,Paul,1657
2003,M,Kevin,1323
2003,M,Brian,1251
2003,M,George,2819
2003,M,Edward,789
2003,M,Ronald,897
2003,F,Karen,2682
2003,F,Nancy,2631
2003,F,Donna,2856
2003,F,Carol,198
2003,F,Michelle,1063
2003,F,Kimberly,536
2003,F,Sandra,359
2003,F,Sarah,4001
2003,F,Amy,1688
2003,F,Angela,4675
2004,M,Anthony,811
2004,M,Mark,4316
2004,M,Donald,7089
2004,M,Steven,5445
2004,M,Paul,973
2004,M,Kevin,1964
2004,M,Brian,2098
2004,M,George,1681
2004,M,Edward,5308
2004,M,Ronald,7102
2004,F,Karen,2554
2004,F,Nancy,2321
2004,F,Donna,4171
2004,F,Carol,5997
2004,F,Michelle,1713
2004,F,Kimberly,3114
2004,F,Sandra,3346
2004,F,Sarah,2694
2004,F,Amy,3022
2004,F,Angela,3906
2005,M,Anthony,3764
2005,M,Mark,1655
2005,M,Donald,2728
2005,M,Steven,4646
2005,M,Paul,2095
2005,M,Kevin,1238
2005,M,Brian,259
2005,M,George,169
2005,M,Edward,441
2005,M,Ronald,347
2005,F,Karen,4225
2005,F,Nancy,1072
2005,F,Donna,6053
2005,F,Carol,1566
2005,F,Michelle,1283
2005,F,Kimberly,1959
2005,F,Sandra,1854
2005,F,Sarah,3170
2005,F,Amy,2990
2005,F,Angela,3983
2006,M,Anthony,2942
2006,M,Mark,3780
2006,M,Donald,5873
2006,M,Steven,4900
2006,M,Paul,4010
2006,M,Kevin,3296
2006,M,Brian,1244
2006,M,George,3135
2006,M,Edward,1149
2006,M,Ronald,6117
2006,F,Karen,1032
2006,F,Nancy,1647
2006,F,Donna,3250
2006,F,Carol,1561
2006,F,Michelle,822
2006,F,Kimberly,4562
2006,F,Sandra,1508
2006,F,Sarah,3122
2006,F,Amy,2813
2006,F,Angela,5164
2007,M,Anthony,3272
2007,M,Mark,2222
2007,M,Donald,877
2007,M,Steven,2389
2007,M,Paul,1329
2007,M,Kevin,1113
2007,M,Brian,815
2007,M,George,6312
2007,M,Edward,1114
2007,M,Ronald,6066
2007,F,Karen,7847
2007,F,Nancy,2792
2007,F,Donna,5171
2007,F,Carol,2673
2007,F,Michelle,1714
2007,F,Kimberly,4073
2007,F,Sandra,449
2007,F,Sarah,2969
2007,F,Amy,3053
2007,F,Angela,684
2008,M,Anthony,4689
2008,M,Mark,4964
2008,M,Donald,3910
2008,M,Steven,3805
2008,M,Paul,4389
2008,M,Kevin,6487
2008,M,Brian,6821
2008,M,George,2688
2008,M,Edward,5201
2008,M,Ronald,6689
2008,F,Karen,7457
2008,F,Nancy,3079
2008,F,Donna,3298
2008,F,Carol,3438
2008,F,Michelle,4263
2008,F,Kimberly,4438
2008,F,Sandra,4973
2008,F,Sarah,3346
2008,F,Amy,5517
2008,F,Angela,4149
2009,M,Anthony,739
2009,M,Mark,431
2009,M,Donald,4676
2009,M,Steven,561
2009,M,Paul,1526
2009,M,Kevin,1509
2009,M,Brian,1027
2009,M,George,5449
2009,M,Edward,3983
2009,M,Ronald,4378
2009,F,Karen,2281
2009,F,Nancy,5864
2009,F,Donna,2716
2009,F,Carol,2173
2009,F,Michelle,3921
2009,F,Kimberly,3272
2009,F,Sandra,1933
2009,F,Sarah,6276
2009,F,Amy,5092
2009,F,Angela,454
2010,M,Anthony,2681
2010,M,Mark,1710
2010,M,Donald,6064
2010,M,Steven,499
2010,M,Paul,954
2010,M,Kevin,5711
2010,M,Brian,2246
2010,M,George,3565
2010,M,Edward,3437
2010,M,Ronald,3466
2010,F,Karen,7802
2010,F,Nancy,263
2010,F,Donna,5985
2010,F,Carol,1786
2010,F,Michelle,3708
2010,F,Kimberly,5750
2010,F,Sandra,786
2010,F,Sarah,2225
2010,F,Amy,1122
2010,F,Angela,2156
2011,M,Anthony,2210
2011,M,Mark,2161
2011,M,Donald,4677
2011,M,Steven,6397
2011,M,Paul,2259
2011,M,Kevin,1149
2011,M,Brian,2523
2011,M,George,2130
2011,M,Edward,3005
2011,M,Ronald,5531
2011,F,Karen,7403
2011,F,Nancy,1786
2011,F,Donna,1396
2011,F,Carol,4245
2011,F,Michelle,6264
2011,F,Kimberly,737
2011,F,Sandra,1643
2011,F,Sarah,2214
2011,F,Amy,3544
2011,F,Angela,3884
2012,M,Anthony,1801
2012,M,Mark,3000
2012,M,Donald,5944
2012,M,Steven,3776
2012,M,Paul,3029
2012,M,Kevin,1042
2012,M,Brian,278
2012,M,George,3139
2012,M,Edward,3970
2012,M,Ronald,2572
2012,F,Karen,558
2012,F,Nancy,472
2012,F,Donna,1399
2012,F,Carol,5132
2012,F,Michelle,5336
2012,F,Kimberly,452
2012,F,Sandra,2780
2012,F,Sarah,6477
2012,F,Amy,2652
2012,F,Angela,6153
